,0,1,2,3,4,5,6,7,8,9,10,11,12,13,14,15,16,17,18,19
3500,0.0,0.0,0.0,0.0,0.0,0.0,0.0,0.0,0.0,0.0,0.0,0.0,0.0,0.0,0.0,0.0,0.0,0.0,0.0,0.0
3501,0.0,0.0,0.0,0.0,0.0,0.0,0.0,0.0,0.0,0.0,0.0,0.0,0.0,0.0,0.0,0.0,0.0,0.0,0.0,0.0
3502,0.0,0.0,0.0,0.0,0.0,0.0,0.0,0.0,0.0,0.0,0.0,0.0,0.0,0.0,0.0,0.0,0.0,0.0,0.0,0.0
3503,0.0,0.0,0.0,0.0,0.0,0.0,0.0,0.0,0.0,0.0,0.0,0.0,0.0,0.0,0.0,0.0,0.0,0.0,0.0,0.0
3504,0.0,0.0,0.0,0.0,0.0,0.0,0.0,0.0,0.0,0.0,0.0,0.0,0.0,0.0,0.0,0.0,0.0,0.0,0.0,0.0
3505,0.0,0.0,0.0,0.0,0.0,0.0,0.0,0.0,0.0,0.0,0.0,0.0,0.0,0.0,0.0,0.0,0.0,0.0,0.0,0.0
3506,0.0,0.0,0.0,0.0,0.0,0.0,0.0,0.0,0.0,0.0,0.0,0.0,0.0,0.0,0.0,0.0,0.0,0.0,0.0,0.0
3507,0.0,0.0,0.0,0.0,0.0,0.0,0.0,0.0,0.0,0.0,0.0,0.0,0.0,0.0,0.0,0.0,0.0,0.0,0.0,0.0
3508,0.0,0.0,0.0,0.0,0.0,0.0,0.0,0.0,0.0,0.0,0.0,0.0,0.0,0.0,0.0,0.0,0.0,0.0,0.0,0.0
3509,0.0,0.0,0.0,0.0,0.0,0.0,0.0,0.0,0.0,0.0,0.0,0.0,0.0,0.0,0.0,0.0,0.0,0.0,0.0,0.0
3510,0.0,0.0,0.0,0.0,0.0,0.0,0.0,0.0,0.0,0.0,0.0,0.0,0.0,0.0,0.0,0.0,0.0,0.0,0.0,0.0
3511,0.0,0.0,0.0,0.0,0.0,0.0,0.0,0.0,0.0,0.0,0.0,0.0,0.0,0.0,0.0,0.0,0.0,0.0,0.0,0.0
3512,0.0,0.0,0.0,0.0,0.0,0.0,0.0,0.0,0.0,0.0,0.0,0.0,0.0,0.0,0.0,0.0,0.0,0.0,0.0,0.0
3513,0.0,0.0,0.0,0.0,0.0,0.0,0.0,0.0,0.0,0.0,0.0,0.0,0.0,0.0,0.0,0.0,0.0,0.0,0.0,0.0
3514,0.0,0.0,0.0,0.0,0.0,0.0,0.0,0.0,0.0,0.0,0.0,0.0,0.0,0.0,0.0,0.0,0.0,0.0,0.0,0.0
3515,0.0,0.0,0.0,0.0,0.0,0.0,0.0,0.0,0.0,0.0,0.0,0.0,0.0,0.0,0.0,0.0,0.0,0.0,0.0,0.0
3516,0.0,0.0,0.0,0.0,0.0,0.0,0.0,0.0,0.0,0.0,0.0,0.0,0.0,0.0,0.0,0.0,0.0,0.0,0.0,0.0
3517,0.0,0.0,0.0,0.0,0.0,0.0,0.0,0.0,0.0,0.0,0.0,0.0,0.0,0.0,0.0,0.0,0.0,0.0,0.0,0.0
3518,0.0,0.0,0.0,0.0,0.0,0.0,0.0,0.0,0.0,0.0,0.0,0.0,0.0,0.0,0.0,0.0,0.0,0.0,0.0,0.0
3519,0.0,0.0,0.0,0.0,0.0,0.0,0.0,0.0,0.0,0.0,0.0,0.0,0.0,0.0,0.0,0.0,0.0,0.0,0.0,0.0
3520,0.0,0.0,0.0,0.0,0.0,0.0,0.0,0.0,0.0,0.0,0.0,0.0,0.0,0.0,0.0,0.0,0.0,0.0,0.0,0.0
3521,0.0,0.0,0.0,0.0,0.0,0.0,0.0,0.0,0.0,0.0,0.0,0.0,0.0,0.0,0.0,0.0,0.0,0.0,0.0,0.0
3522,0.0,0.0,0.0,0.0,0.0,0.0,0.0,0.0,0.0,0.0,0.0,0.0,0.0,0.0,0.0,0.0,0.0,0.0,0.0,0.0
3523,0.0,0.0,0.0,0.0,0.0,0.0,0.0,0.0,0.0,0.0,0.0,0.0,0.0,0.0,0.0,0.0,0.0,0.0,0.0,0.0
3524,0.0,0.0,0.0,0.0,0.0,0.0,0.0,0.0,0.0,0.0,0.0,0.0,0.0,0.0,0.0,0.0,0.0,0.0,0.0,0.0
3525,0.0,0.0,0.0,0.0,0.0,0.0,0.0,0.0,0.0,0.0,0.0,0.0,0.0,0.0,0.0,0.0,0.0,0.0,0.0,0.0
3526,0.0,0.0,0.0,0.0,0.0,0.0,0.0,0.0,0.0,0.0,0.0,0.0,0.0,0.0,0.0,0.0,0.0,0.0,0.0,0.0
3527,0.0,0.0,0.0,0.0,0.0,0.0,0.0,0.0,0.0,0.0,0.0,0.0,0.0,0.0,0.0,0.0,0.0,0.0,0.0,0.0
3528,0.0,0.0,0.0,0.0,0.0,0.0,0.0,0.0,0.0,0.0,0.0,0.0,0.0,0.0,0.0,0.0,0.0,0.0,0.0,0.0
3529,0.0,0.0,0.0,0.0,0.0,0.0,0.0,0.0,0.0,0.0,0.0,0.0,0.0,0.0,0.0,0.0,0.0,0.0,0.0,0.0
3530,0.0,0.0,0.0,0.0,0.0,0.0,0.0,0.0,0.0,0.0,0.0,0.0,0.0,0.0,0.0,0.0,0.0,0.0,0.0,0.0
3531,0.0,0.0,0.0,0.0,0.0,0.0,0.0,0.0,0.0,0.0,0.0,0.0,0.0,0.0,0.0,0.0,0.0,0.0,0.0,0.0
3532,0.0,0.0,0.0,0.0,0.0,0.0,0.0,0.0,0.0,0.0,0.0,0.0,0.0,0.0,0.0,0.0,0.0,0.0,0.0,0.0
3533,0.0,0.0,0.0,0.0,0.0,0.0,0.0,0.0,0.0,0.0,0.0,0.0,0.0,0.0,0.0,0.0,0.0,0.0,0.0,0.0
3534,0.0,0.0,0.0,0.0,0.0,0.0,0.0,0.0,0.0,0.0,0.0,0.0,0.0,0.0,0.0,0.0,0.0,0.0,0.0,0.0
3535,0.0,0.0,0.0,0.0,0.0,0.0,0.0,0.0,0.0,0.0,0.0,0.0,0.0,0.0,0.0,0.0,0.0,0.0,0.0,0.0
3536,0.0,0.0,0.0,0.0,0.0,0.0,0.0,0.0,0.0,0.0,0.0,0.0,0.0,0.0,0.0,0.0,0.0,0.0,0.0,0.0
3537,0.0,0.0,0.0,0.0,0.0,0.0,0.0,0.0,0.0,0.0,0.0,0.0,0.0,0.0,0.0,0.0,0.0,0.0,0.0,0.0
3538,0.0,0.0,0.0,0.0,0.0,0.0,0.0,0.0,0.0,0.0,0.0,0.0,0.0,0.0,0.0,0.0,0.0,0.0,0.0,0.0
3539,0.0,0.0,0.0,0.0,0.0,0.0,0.0,0.0,0.0,0.0,0.0,0.0,0.0,0.0,0.0,0.0,0.0,0.0,0.0,0.0
3540,0.0,0.0,0.0,0.0,0.0,0.0,0.0,0.0,0.0,0.0,0.0,0.0,0.0,0.0,0.0,0.0,0.0,0.0,0.0,0.0
3541,0.0,0.0,0.0,0.0,0.0,0.0,0.0,0.0,0.0,0.0,0.0,0.0,0.0,0.0,0.0,0.0,0.0,0.0,0.0,0.0
3542,0.0,0.0,0.0,0.0,0.0,0.0,0.0,0.0,0.0,0.0,0.0,0.0,0.0,0.0,0.0,0.0,0.0,0.0,0.0,0.0
3543,0.0,0.0,0.0,0.0,0.0,0.0,0.0,0.0,0.0,0.0,0.0,0.0,0.0,0.0,0.0,0.0,0.0,0.0,0.0,0.0
3544,0.0,0.0,0.0,0.0,0.0,0.0,0.0,0.0,0.0,0.0,0.0,0.0,0.0,0.0,0.0,0.0,0.0,0.0,0.0,0.0
3545,0.0,0.0,0.0,0.0,0.0,0.0,0.0,0.0,0.0,0.0,0.0,0.0,0.0,0.0,0.0,0.0,0.0,0.0,0.0,0.0
3546,0.0,0.0,0.0,0.0,0.0,0.0,0.0,0.0,0.0,0.0,0.0,0.0,0.0,0.0,0.0,0.0,0.0,0.0,0.0,0.0
3547,0.0,0.0,0.0,0.0,0.0,0.0,0.0,0.0,0.0,0.0,0.0,0.0,0.0,0.0,0.0,0.0,0.0,0.0,0.0,0.0
3548,0.0,0.0,0.0,0.0,0.0,0.0,0.0,0.0,0.0,0.0,0.0,0.0,0.0,0.0,0.0,0.0,0.0,0.0,0.0,0.0
3549,0.0,0.0,0.0,0.0,0.0,0.0,0.0,0.0,0.0,0.0,0.0,0.0,0.0,0.0,0.0,0.0,0.0,0.0,0.0,0.0
3550,0.0,0.0,0.0,0.0,0.0,0.0,0.0,0.0,0.0,0.0,0.0,0.0,0.0,0.0,0.0,0.0,0.0,0.0,0.0,0.0
3551,0.0,0.0,0.0,0.0,0.0,0.0,0.0,0.0,0.0,0.0,0.0,0.0,0.0,0.0,0.0,0.0,0.0,0.0,0.0,0.0
3552,0.0,0.0,0.0,0.0,0.0,0.0,0.0,0.0,0.0,0.0,0.0,0.0,0.0,0.0,0.0,0.0,0.0,0.0,0.0,0.0
3553,0.0,0.0,0.0,0.0,0.0,0.0,0.0,0.0,0.0,0.0,0.0,0.0,0.0,0.0,0.0,0.0,0.0,0.0,0.0,0.0
3554,0.0,0.0,0.0,0.0,0.0,0.0,0.0,0.0,0.0,0.0,0.0,0.0,0.0,0.0,0.0,0.0,0.0,0.0,0.0,0.0
3555,0.0,0.0,0.0,0.0,0.0,0.0,0.0,0.0,0.0,0.0,0.0,0.0,0.0,0.0,0.0,0.0,0.0,0.0,0.0,0.0
3556,0.0,0.0,0.0,0.0,0.0,0.0,0.0,0.0,0.0,0.0,0.0,0.0,0.0,0.0,0.0,0.0,0.0,0.0,0.0,0.0
3557,0.0,0.0,0.0,0.0,0.0,0.0,0.0,0.0,0.0,0.0,0.0,0.0,0.0,0.0,0.0,0.0,0.0,0.0,0.0,0.0
3558,0.0,0.0,0.0,0.0,0.0,0.0,0.0,0.0,0.0,0.0,0.0,0.0,0.0,0.0,0.0,0.0,0.0,0.0,0.0,0.0
3559,0.0,0.0,0.0,0.0,0.0,0.0,0.0,0.0,0.0,0.0,0.0,0.0,0.0,0.0,0.0,0.0,0.0,0.0,0.0,0.0
3560,0.0,0.0,0.0,0.0,0.0,0.0,0.0,0.0,0.0,0.0,0.0,0.0,0.0,0.0,0.0,0.0,0.0,0.0,0.0,0.0
3561,0.0,0.0,0.0,0.0,0.0,0.0,0.0,0.0,0.0,0.0,0.0,0.0,0.0,0.0,0.0,0.0,0.0,0.0,0.0,0.0
3562,0.0,0.0,0.0,0.0,0.0,0.0,0.0,0.0,0.0,0.0,0.0,0.0,0.0,0.0,0.0,0.0,0.0,0.0,0.0,0.0
3563,0.0,0.0,0.0,0.0,0.0,0.0,0.0,0.0,0.0,0.0,0.0,0.0,0.0,0.0,0.0,0.0,0.0,0.0,0.0,0.0
3564,-0.25,0.0,0.0,0.25,0.0,0.0,-0.25,0.0,0.0,-0.25,0.25,0.0,0.0,-0.25,0.0,0.0,0.25,0.25,0.0,0.0
3565,-0.25,0.0,0.0,0.25,0.0,0.0,-0.25,0.0,0.0,-0.25,0.25,0.0,0.0,-0.25,0.0,0.0,0.0,0.25,0.0,0.25
3566,0.0,0.0,-0.25,0.25,0.25,0.0,0.0,0.0,0.0,-0.25,0.0,0.0,0.0,-0.25,-0.25,0.0,0.0,0.25,0.0,0.25
3567,-0.25,0.0,-0.25,0.25,0.25,0.0,0.0,0.0,0.0,0.0,0.0,0.0,0.0,-0.25,-0.25,0.25,0.0,0.25,0.0,0.0
3568,-0.25,0.0,-0.25,0.25,0.0,0.25,0.0,0.0,0.0,0.0,-0.25,0.0,0.0,-0.25,0.0,0.25,0.0,0.25,0.0,0.0
3569,-0.25,0.25,0.0,0.0,0.25,0.0,0.0,0.0,0.0,0.0,-0.25,0.0,0.0,0.0,0.0,0.25,-0.25,0.25,-0.25,0.0
3570,-0.25,0.25,0.0,0.0,0.0,0.0,0.0,-0.25,0.25,0.0,-0.25,0.0,0.25,0.0,0.0,0.25,-0.25,0.0,0.0,0.0
3571,-0.25,0.0,0.0,0.0,0.0,0.0,0.0,-0.25,0.25,0.0,-0.25,0.0,0.25,0.0,0.0,0.25,-0.25,0.0,0.25,0.0
3572,-0.25,0.0,0.0,0.0,0.25,-0.25,0.0,-0.25,0.0,0.0,-0.25,0.0,0.25,0.0,0.0,0.25,0.0,0.25,0.0,0.0
3573,-0.25,0.25,-0.25,0.0,0.0,-0.25,0.0,0.0,0.25,0.0,-0.25,0.25,0.0,0.0,0.25,0.0,0.0,0.0,0.0,0.0
3574,0.0,0.0,-0.25,0.0,0.0,-0.25,0.0,0.0,0.25,0.0,-0.25,0.25,0.0,0.0,0.25,0.25,0.0,-0.25,0.0,0.0
3575,0.0,0.0,-0.25,0.0,0.0,-0.25,0.25,-0.25,0.0,0.0,0.0,0.0,0.25,0.0,0.25,0.0,0.0,-0.25,0.25,0.0
3576,0.25,0.0,-0.25,0.0,-0.25,-0.25,0.25,0.0,0.0,0.0,0.0,0.0,0.0,0.0,0.25,0.0,-0.25,0.0,0.25,0.0
3577,0.25,0.0,-0.25,0.0,-0.25,-0.25,0.25,0.0,0.0,0.0,0.0,-0.25,0.0,0.0,0.25,0.0,0.0,0.0,0.25,0.0
3578,0.25,0.0,0.25,0.0,-0.25,-0.25,0.25,0.0,0.0,0.0,-0.25,0.0,0.0,0.0,0.25,0.0,0.0,0.0,0.0,-0.25
3579,0.0,0.25,0.25,0.0,0.0,0.0,0.25,0.0,0.0,0.0,-0.25,0.0,-0.25,0.0,0.25,0.0,-0.25,0.0,0.0,-0.25
3580,0.25,0.25,0.0,0.0,0.0,0.25,0.0,-0.25,0.0,-0.25,0.0,0.0,-0.25,0.25,0.0,0.0,0.0,0.0,0.0,-0.25
3581,0.0,0.0,0.0,0.25,0.0,0.25,0.0,-0.25,0.0,0.0,-0.25,0.0,-0.25,0.0,0.25,0.0,0.0,0.25,0.0,-0.25
3582,0.0,0.0,0.0,0.25,0.0,0.0,0.25,0.0,0.0,-0.25,-0.25,0.0,-0.25,0.0,0.25,0.0,0.0,0.25,0.0,-0.25
3583,0.0,0.0,0.25,0.25,0.25,0.0,0.0,0.0,0.0,-0.25,-0.25,0.0,-0.25,0.0,0.0,0.0,0.0,0.25,0.0,-0.25
3584,0.0,0.0,0.25,0.25,0.25,0.0,0.0,0.0,0.0,-0.25,-0.25,0.0,-0.25,0.0,0.0,0.0,0.0,0.25,0.0,-0.25
3585,0.0,-0.25,0.0,0.25,0.25,0.0,0.0,0.0,-0.25,-0.25,0.0,0.0,-0.25,0.0,0.0,0.0,0.25,0.25,0.0,0.0
3586,0.0,-0.25,0.0,0.25,0.25,0.0,0.0,0.0,0.0,-0.25,-0.25,0.0,-0.25,0.0,0.0,0.0,0.25,0.25,0.0,0.0
3587,0.0,-0.25,0.25,0.25,0.25,-0.25,0.0,0.0,0.0,0.0,-0.25,0.0,0.0,-0.25,0.0,0.0,0.0,0.25,0.0,0.0
3588,-0.25,-0.25,0.0,0.25,0.25,0.0,0.0,0.0,-0.25,0.0,0.0,0.25,0.0,-0.25,0.0,0.0,0.0,0.25,0.0,0.0
3589,-0.25,0.0,0.0,0.0,0.0,-0.25,0.0,0.25,0.0,0.0,0.0,0.25,-0.25,-0.25,0.25,0.0,0.0,0.25,0.0,0.0
3590,0.0,0.0,0.0,-0.25,0.0,0.0,0.0,0.25,0.0,0.0,0.0,0.25,-0.25,-0.25,0.0,0.0,0.25,0.25,-0.25,0.0
3591,0.0,0.25,-0.25,-0.25,-0.25,0.0,0.0,0.0,0.0,0.0,0.0,0.0,0.0,0.0,0.25,0.25,0.0,0.25,-0.25,0.0
3592,0.0,0.25,-0.25,-0.25,0.0,-0.25,0.0,0.0,0.0,0.0,0.0,0.0,0.25,0.0,0.25,0.25,0.0,0.0,-0.25,0.0
3593,0.25,0.25,-0.25,-0.25,-0.25,0.0,0.0,0.0,0.0,0.0,0.0,0.0,0.0,0.0,0.25,0.25,0.0,0.0,-0.25,0.0
3594,0.0,0.2,0.0,0.0,0.0,-0.2,0.0,0.0,0.0,0.0,-0.2,0.2,-0.2,0.0,0.2,0.0,0.2,0.2,-0.2,-0.2
3595,0.0,0.2,0.0,0.0,0.0,-0.2,0.0,0.0,0.0,-0.2,-0.2,0.2,-0.2,0.0,0.2,0.0,0.2,0.2,-0.2,0.0
3596,0.0,0.2,0.0,0.0,0.0,-0.2,0.0,0.0,-0.2,-0.2,0.0,0.0,-0.2,0.0,0.2,0.0,0.2,0.2,-0.2,0.2
3597,0.0,0.2,0.0,0.0,0.0,-0.2,0.0,0.0,-0.2,-0.2,0.0,0.0,0.0,-0.2,0.2,0.0,0.2,0.2,-0.2,0.2
3598,0.0,0.2,0.0,0.0,-0.2,0.0,0.0,0.0,-0.2,-0.2,0.0,0.0,0.0,-0.2,0.2,0.0,0.2,0.2,-0.2,0.2
3599,0.0,0.2,0.0,0.0,-0.2,0.0,0.0,0.0,-0.2,-0.2,0.0,0.2,0.0,-0.2,0.2,0.0,0.0,0.2,-0.2,0.2
3600,0.0,0.2,0.0,0.0,-0.2,0.0,0.0,0.0,-0.2,-0.2,0.0,0.2,0.0,0.0,0.2,-0.2,0.0,0.2,-0.2,0.2
3601,0.0,0.2,0.0,0.0,-0.2,0.0,0.0,0.0,-0.2,-0.2,0.0,0.2,0.0,0.0,0.2,-0.2,0.0,0.2,-0.2,0.2
3602,0.0,0.2,0.0,0.0,-0.2,0.0,0.0,0.0,-0.2,-0.2,0.0,0.2,0.0,0.0,0.2,-0.2,0.0,0.2,-0.2,0.2
3603,0.0,0.2,0.0,0.0,-0.2,0.0,0.0,0.0,-0.2,-0.2,0.0,0.2,0.0,0.0,0.2,-0.2,0.0,0.2,-0.2,0.2
3604,0.0,0.2,0.0,0.0,-0.2,0.0,0.0,0.0,-0.2,-0.2,0.2,0.2,0.0,0.0,0.2,-0.2,0.0,0.0,-0.2,0.2
3605,0.0,0.2,0.0,0.0,0.0,0.0,-0.2,0.0,-0.2,-0.2,0.2,0.2,0.0,0.0,0.2,-0.2,0.0,0.0,-0.2,0.2
3606,0.0,0.2,0.0,0.0,0.0,0.0,-0.2,0.0,-0.2,-0.2,0.2,0.2,0.0,0.0,0.2,-0.2,0.0,0.0,-0.2,0.2
3607,0.0,0.2,0.0,0.0,-0.2,0.0,-0.2,0.0,-0.2,0.0,0.2,0.2,0.0,0.0,0.2,-0.2,0.0,0.0,-0.2,0.2
3608,0.0,0.2,0.0,0.0,-0.2,0.0,-0.2,0.0,-0.2,0.0,0.2,0.2,0.0,0.0,0.2,-0.2,0.0,0.0,-0.2,0.2
3609,0.0,0.2,0.0,0.0,-0.2,0.0,-0.2,0.0,0.0,0.0,0.2,0.2,-0.2,0.0,0.2,-0.2,0.0,0.0,-0.2,0.2
3610,0.0,0.2,0.0,0.0,-0.2,0.0,-0.2,0.0,0.0,0.0,0.2,0.2,-0.2,0.0,0.2,-0.2,0.0,0.0,-0.2,0.2
3611,0.0,0.2,-0.2,0.0,0.0,0.0,-0.2,0.0,0.0,0.0,0.2,0.2,-0.2,0.0,0.2,0.0,0.0,-0.2,-0.2,0.2
3612,0.0,0.2,0.0,0.0,0.0,0.0,-0.2,0.0,0.0,0.0,0.2,0.2,-0.2,0.0,0.2,-0.2,0.0,-0.2,-0.2,0.2
3613,0.0,0.2,0.0,0.0,0.0,0.0,-0.2,0.0,0.0,0.0,0.2,0.2,-0.2,0.0,0.2,-0.2,0.0,-0.2,-0.2,0.2
3614,0.0,0.2,0.0,0.0,0.0,0.0,-0.2,0.0,0.0,0.0,0.2,0.2,-0.2,0.0,0.2,-0.2,0.0,-0.2,-0.2,0.2
3615,0.0,0.2,0.0,0.0,0.0,0.0,-0.2,0.0,0.0,0.0,0.2,0.2,-0.2,0.0,0.2,-0.2,0.0,-0.2,-0.2,0.2
3616,0.0,-0.25,0.0,0.25,0.0,0.0,0.25,0.0,0.0,0.0,0.0,0.0,0.25,0.0,-0.25,-0.25,-0.25,0.0,0.25,0.0
3617,0.0,0.25,0.25,0.0,0.0,0.0,0.0,0.0,0.0,0.0,-0.25,0.0,0.0,0.0,0.25,-0.25,-0.25,-0.25,0.25,0.0
3618,0.0,0.25,0.0,0.0,0.0,0.0,0.25,0.0,0.0,-0.25,0.0,0.25,0.0,0.0,0.25,-0.25,-0.25,-0.25,0.0,0.0
3619,0.0,0.25,0.0,0.0,0.0,0.0,0.0,0.0,0.0,0.0,0.0,0.25,0.25,0.0,0.25,-0.25,-0.25,-0.25,0.0,-0.25
3620,0.0,0.25,0.0,0.0,0.0,0.0,-0.25,-0.25,0.0,0.0,-0.25,0.25,0.25,0.0,0.0,0.0,0.0,-0.25,0.25,0.0
3621,0.0,0.0,-0.25,-0.25,-0.25,0.0,0.0,0.0,0.25,0.25,0.0,0.25,0.0,0.25,-0.25,0.0,0.0,0.0,0.0,0.0
3622,0.0,0.0,-0.25,0.0,-0.25,0.0,0.0,-0.25,0.25,0.25,0.0,0.25,0.0,0.25,0.0,0.0,0.0,0.0,0.0,-0.25
3623,0.0,0.0,-0.25,0.0,0.25,0.0,0.0,-0.25,0.25,-0.25,0.0,0.25,0.0,0.25,0.0,0.0,0.0,0.0,0.0,-0.25
3624,-0.25,0.0,-0.25,0.0,0.25,0.0,0.0,0.0,0.25,-0.25,0.0,0.25,0.0,0.25,0.0,0.0,0.0,0.0,0.0,-0.25
3625,0.25,0.0,-0.25,0.0,0.25,0.0,0.0,0.0,0.25,-0.25,-0.25,0.25,0.0,-0.25,0.0,0.0,0.0,0.0,0.0,0.0
3626,-0.25,0.0,-0.25,0.0,0.25,0.0,0.0,0.0,-0.25,-0.25,0.0,0.25,0.0,0.25,0.0,0.0,0.0,0.0,0.25,0.0
3627,0.0,0.0,-0.25,0.0,0.25,0.0,0.0,0.0,-0.25,-0.25,0.0,0.25,0.0,0.25,-0.25,0.0,0.0,0.0,0.25,0.0
3628,0.0,0.0,0.0,0.0,0.25,-0.25,0.0,0.0,-0.25,0.0,0.0,0.25,0.0,0.25,-0.25,0.0,0.0,0.25,-0.25,0.0
3629,0.0,0.0,0.0,0.0,0.25,-0.25,0.0,0.0,-0.25,0.0,0.0,0.25,0.0,-0.25,-0.25,0.0,0.0,0.25,0.25,0.0
3630,0.0,0.2,0.0,0.0,0.2,-0.2,0.2,0.0,-0.2,0.0,0.0,0.2,0.2,0.0,0.0,-0.2,-0.2,0.0,0.0,-0.2
3631,0.0,0.2,0.0,0.0,0.2,-0.2,0.2,0.0,-0.2,0.0,0.0,0.2,0.2,0.0,0.0,-0.2,-0.2,0.0,0.0,-0.2
3632,0.0,0.2,0.0,0.0,0.2,-0.2,0.2,0.0,-0.2,0.0,0.0,0.0,0.2,0.0,0.0,-0.2,-0.2,0.2,0.0,-0.2
3633,0.0,0.2,0.0,0.0,0.2,-0.2,0.2,0.0,-0.2,0.0,0.0,0.0,0.2,0.0,0.0,-0.2,-0.2,0.2,0.0,-0.2
3634,0.0,0.2,0.0,0.0,0.2,-0.2,0.2,0.0,0.0,0.0,0.0,0.0,0.2,0.0,0.0,-0.2,-0.2,0.2,-0.2,-0.2
3635,0.0,0.2,0.0,0.0,0.2,-0.2,0.2,0.0,0.0,0.0,0.0,-0.2,0.2,0.0,0.0,-0.2,0.0,0.2,-0.2,-0.2
3636,0.0,0.2,-0.2,0.0,0.2,-0.2,0.2,0.0,0.0,0.0,0.0,-0.2,0.2,0.0,0.0,-0.2,0.0,0.2,-0.2,0.0
3637,0.0,0.2,-0.2,0.0,0.2,-0.2,0.2,0.0,0.0,0.0,0.0,-0.2,0.2,0.0,0.0,0.0,0.0,0.2,-0.2,-0.2
3638,0.0,0.2,-0.2,0.0,0.2,-0.2,0.2,0.0,0.0,0.0,0.0,-0.2,0.2,0.0,0.0,0.0,0.0,0.2,-0.2,-0.2
3639,0.0,0.2,-0.2,0.0,0.2,-0.2,0.2,0.0,0.0,0.0,0.0,-0.2,0.2,0.0,0.0,0.0,0.0,0.2,-0.2,-0.2
3640,0.0,0.2,-0.2,0.0,0.2,-0.2,0.2,0.0,0.0,0.0,0.0,-0.2,0.2,0.0,0.0,0.0,0.0,0.2,-0.2,-0.2
3641,0.25,0.0,-0.25,0.0,0.0,0.0,-0.25,0.25,0.0,-0.25,0.0,0.0,0.0,0.25,0.25,0.0,0.0,0.0,0.0,-0.25
3642,0.25,0.0,0.0,-0.25,0.0,0.0,-0.25,-0.25,0.0,0.25,0.0,0.0,0.0,-0.25,0.25,0.0,0.0,0.0,0.0,0.25
3643,0.0,0.0,-0.2,0.0,0.2,-0.2,0.2,0.0,-0.2,0.0,0.0,-0.2,0.2,0.0,0.0,0.0,0.2,0.2,-0.2,0.0
3644,0.0,0.0,-0.2,0.0,0.2,-0.2,0.2,0.0,-0.2,0.0,0.0,-0.2,0.2,0.0,0.0,0.0,0.2,0.2,-0.2,0.0
3645,0.0,0.0,-0.2,0.0,0.2,-0.2,0.0,0.0,-0.2,0.0,0.0,-0.2,0.2,0.0,0.2,0.0,0.2,0.2,-0.2,0.0
3646,0.25,0.0,0.0,-0.25,0.0,0.0,-0.25,0.25,-0.25,0.25,-0.25,0.0,0.0,0.0,0.0,0.0,0.0,0.0,0.0,0.25
3647,-0.25,0.0,0.0,-0.25,0.0,0.0,-0.25,0.25,0.0,0.25,-0.25,0.0,0.0,0.0,0.0,0.25,0.0,0.0,0.0,0.25
3648,0.25,0.0,0.0,0.0,0.0,0.0,-0.25,0.25,-0.25,0.25,-0.25,0.0,-0.25,0.0,0.0,0.0,0.0,0.0,0.0,0.25
3649,-0.25,0.0,0.0,0.0,0.0,0.0,-0.25,0.25,-0.25,0.25,0.0,0.0,0.0,0.25,0.25,0.0,0.0,0.0,0.0,-0.25
3650,-0.25,-0.25,0.0,0.0,0.0,0.0,0.0,0.25,0.25,0.25,0.0,0.0,-0.25,0.25,0.0,0.0,0.0,0.0,0.0,-0.25
3651,-0.25,0.0,0.0,0.0,0.0,0.0,0.0,0.25,-0.25,0.25,0.25,0.0,-0.25,0.25,0.0,0.0,0.0,0.0,0.0,-0.25
3652,0.0,-0.2,-0.2,0.0,0.2,0.0,-0.2,0.2,0.0,0.0,0.0,-0.2,0.0,0.2,0.0,0.0,0.2,0.2,-0.2,0.0
3653,0.0,-0.2,-0.2,0.0,0.2,0.0,-0.2,0.2,0.0,0.0,0.0,-0.2,0.0,0.2,0.0,0.0,0.2,0.2,-0.2,0.0
3654,0.0,0.0,0.0,0.0,0.0,-0.25,0.0,0.25,-0.25,0.25,0.0,0.0,0.25,0.0,0.0,0.25,0.0,0.0,-0.25,-0.25
3655,0.0,0.0,-0.25,0.0,0.0,0.0,0.0,0.25,-0.25,-0.25,0.0,0.0,0.25,0.25,0.0,0.25,0.0,0.0,0.0,-0.25
3656,0.0,0.0,-0.25,0.0,0.0,0.0,0.0,0.25,0.0,-0.25,0.25,0.0,0.0,0.25,-0.25,0.0,0.25,0.0,0.0,-0.25
3657,0.0,0.0,-0.25,0.0,0.0,0.0,0.0,0.25,-0.25,-0.25,0.25,0.0,0.0,0.25,-0.25,0.0,0.25,0.0,0.0,0.0
3658,0.0,0.0,-0.25,0.25,0.0,0.0,0.0,-0.25,0.0,-0.25,0.25,0.0,0.25,0.0,0.0,0.0,0.25,-0.25,0.0,0.0
3659,0.0,0.0,-0.25,0.0,0.0,0.0,0.0,-0.25,0.0,-0.25,0.25,0.0,0.25,0.0,0.0,0.0,0.25,-0.25,0.0,0.25
3660,0.0,0.0,-0.25,0.0,0.0,0.0,0.0,-0.25,0.0,-0.25,0.25,0.0,0.25,0.0,-0.25,0.0,0.25,0.0,0.0,0.25
3661,0.0,0.0,-0.25,-0.25,0.0,0.0,0.0,-0.25,0.25,0.0,0.25,0.0,0.25,0.0,-0.25,0.0,0.25,0.0,0.0,0.0
3662,0.0,0.0,-0.25,-0.25,0.0,0.0,0.0,-0.25,0.25,0.0,0.25,0.0,0.25,0.0,-0.25,0.0,0.25,0.0,0.0,0.0
3663,0.0,0.0,-0.25,-0.25,0.0,0.0,0.0,-0.25,0.25,0.0,0.25,0.0,0.25,0.0,-0.25,0.0,0.25,0.0,0.0,0.0
3664,0.0,0.0,-0.25,-0.25,-0.25,0.0,0.0,0.0,0.25,0.0,0.25,0.0,0.25,0.0,-0.25,0.0,0.25,0.0,0.0,0.0
3665,0.0,0.0,0.0,-0.25,-0.25,0.0,0.0,-0.25,0.25,0.0,0.25,0.0,0.0,0.0,-0.25,0.0,0.25,0.0,0.25,0.0
3666,0.0,0.0,-0.25,-0.25,0.0,0.0,0.0,-0.25,0.25,0.0,0.25,0.0,0.0,0.0,-0.25,0.25,0.25,0.0,0.0,0.0
3667,0.0,0.0,-0.25,-0.25,0.0,0.25,0.0,-0.25,0.25,0.0,0.0,0.0,0.0,0.0,-0.25,0.25,0.25,0.0,0.0,0.0
3668,0.0,0.0,-0.25,-0.25,0.0,0.25,0.0,-0.25,0.25,0.0,0.0,0.0,0.0,0.0,-0.25,0.25,0.25,0.0,0.0,0.0
3669,0.25,0.0,-0.25,-0.25,0.0,0.25,0.0,-0.25,0.25,0.0,0.0,0.0,0.0,0.0,-0.25,0.25,0.0,0.0,0.0,0.0
3670,0.25,0.0,-0.25,-0.25,0.0,0.0,0.0,-0.25,0.25,0.0,0.25,0.0,0.0,0.0,-0.25,0.0,0.0,0.0,0.0,0.25
3671,0.0,0.0,0.25,-0.25,0.0,0.0,0.0,-0.25,0.25,-0.25,0.0,0.0,0.0,0.0,-0.25,0.0,0.25,0.0,0.0,0.25
3672,0.0,0.0,0.25,-0.25,0.0,0.0,0.0,-0.25,0.25,-0.25,0.25,0.0,0.0,0.0,-0.25,0.0,0.0,0.0,0.0,0.25
3673,0.0,0.0,0.25,-0.25,0.0,0.0,0.0,-0.25,0.25,0.25,0.25,0.0,0.0,-0.25,-0.25,0.0,0.0,0.0,0.0,0.0
3674,0.0,0.0,0.25,-0.25,0.0,0.0,0.0,-0.25,0.25,0.25,0.25,0.0,0.0,-0.25,-0.25,0.0,0.0,0.0,0.0,0.0
3675,0.0,0.0,0.25,-0.25,0.0,0.0,0.0,-0.25,0.25,0.25,0.25,0.0,0.0,-0.25,0.0,0.0,0.0,-0.25,0.0,0.0
3676,0.0,0.0,0.25,-0.25,0.0,0.0,0.0,-0.25,0.25,0.25,0.25,0.0,0.0,-0.25,0.0,-0.25,0.0,0.0,0.0,0.0
3677,-0.3333333333333333,-0.3333333333333333,0.0,0.0,0.0,0.0,0.0,-0.3333333333333333,0.0,0.0,0.0,0.0,0.0,0.0,0.0,0.0,0.0,0.3333333333333333,0.3333333333333333,0.3333333333333333
3678,-0.3333333333333333,-0.3333333333333333,0.0,0.0,0.0,0.0,0.0,-0.3333333333333333,0.0,0.0,0.0,0.0,0.0,0.0,0.0,0.0,0.0,0.3333333333333333,0.3333333333333333,0.3333333333333333
3679,0.2,0.0,0.0,-0.2,-0.2,0.0,0.2,-0.2,0.0,0.0,0.2,0.0,0.0,0.0,-0.2,0.2,0.2,-0.2,0.0,0.0
3680,0.2,0.0,-0.2,-0.2,-0.2,0.0,0.2,-0.2,0.0,0.0,0.2,0.0,0.0,0.0,0.0,0.2,0.2,-0.2,0.0,0.0
3681,0.2,0.0,-0.2,-0.2,-0.2,0.0,0.2,-0.2,0.0,0.0,0.2,0.0,0.0,0.0,0.0,0.2,0.2,-0.2,0.0,0.0
3682,0.2,0.0,-0.2,-0.2,0.0,0.0,0.2,-0.2,0.0,0.0,0.2,0.0,0.0,-0.2,0.0,0.2,0.2,-0.2,0.0,0.0
3683,0.0,0.0,-0.25,0.0,0.25,0.0,0.0,0.0,0.25,-0.25,0.25,0.0,-0.25,0.0,0.0,0.0,0.25,0.0,0.0,-0.25
3684,0.0,0.0,0.0,0.0,0.0,0.25,-0.25,-0.25,0.25,-0.25,0.25,0.25,0.0,0.0,0.0,0.0,0.0,0.0,0.0,-0.25
3685,0.2,0.0,-0.2,-0.2,0.0,0.0,0.2,0.0,0.2,0.0,0.2,0.0,0.0,-0.2,0.0,-0.2,0.2,-0.2,0.0,0.0
3686,0.0,0.0,-0.2,-0.2,0.0,0.0,0.2,0.0,0.2,0.0,0.2,0.2,0.0,-0.2,0.0,-0.2,0.2,-0.2,0.0,0.0
3687,0.0,-0.2,-0.2,0.0,0.0,0.2,0.0,0.0,0.2,0.0,0.2,0.2,0.0,-0.2,-0.2,-0.2,0.0,0.0,0.2,0.0
3688,0.0,-0.2,-0.2,0.0,0.2,0.2,0.0,0.0,0.2,0.0,0.2,0.0,0.0,-0.2,0.0,-0.2,-0.2,0.0,0.2,0.0
3689,0.0,-0.2,-0.2,0.0,0.2,0.0,0.0,0.2,0.2,0.2,0.0,0.0,0.0,-0.2,0.0,-0.2,-0.2,0.0,0.2,0.0
3690,0.0,-0.2,0.0,0.0,0.2,0.0,0.0,0.2,0.2,0.2,-0.2,0.0,0.0,0.0,-0.2,-0.2,-0.2,0.0,0.2,0.0
3691,0.0,0.0,0.0,0.0,0.25,0.25,-0.25,0.25,-0.25,0.0,0.0,0.0,0.25,0.0,-0.25,0.0,0.0,0.0,-0.25,0.0
3692,0.25,0.0,0.0,0.0,0.25,0.25,-0.25,0.0,-0.25,0.0,0.0,0.0,0.25,0.0,0.0,0.0,0.0,-0.25,-0.25,0.0
3693,0.25,0.0,0.0,0.0,-0.25,0.25,-0.25,0.0,-0.25,0.0,0.0,0.25,0.25,0.0,0.0,0.0,0.0,0.0,-0.25,0.0
3694,-0.3333333333333333,-0.3333333333333333,0.0,0.0,0.0,0.0,0.0,-0.3333333333333333,0.0,0.0,0.0,0.0,0.0,0.0,0.0,0.0,0.0,0.3333333333333333,0.3333333333333333,0.3333333333333333
3695,0.25,0.0,0.0,0.0,-0.25,0.25,0.0,0.0,-0.25,0.0,0.0,0.25,0.25,0.0,0.0,0.0,0.0,0.0,-0.25,-0.25
3696,0.0,0.0,0.0,0.0,0.25,0.25,0.0,0.0,-0.25,-0.25,0.0,0.25,0.25,-0.25,0.0,0.0,0.0,0.0,0.0,-0.25
3697,-0.25,0.0,-0.25,0.0,0.25,0.25,0.0,0.0,0.0,0.0,0.0,0.25,0.25,-0.25,0.0,0.0,0.0,0.0,0.0,-0.25
3698,-0.3333333333333333,-0.3333333333333333,0.0,0.0,0.0,0.0,0.0,-0.3333333333333333,0.0,0.0,0.0,0.0,0.0,0.0,0.0,0.0,0.0,0.3333333333333333,0.3333333333333333,0.3333333333333333
3699,0.0,0.0,0.0,0.0,0.2,0.2,-0.2,0.2,0.0,0.0,-0.2,0.2,0.2,0.0,-0.2,0.0,-0.2,0.0,-0.2,0.0
3700,-0.3333333333333333,-0.3333333333333333,0.0,0.0,0.0,0.0,0.0,-0.3333333333333333,0.0,0.0,0.0,0.0,0.0,0.0,0.0,0.0,0.0,0.3333333333333333,0.3333333333333333,0.3333333333333333
3701,0.0,0.0,-0.2,0.0,0.0,0.2,0.0,0.2,0.2,0.0,-0.2,0.2,0.2,0.0,-0.2,0.0,-0.2,0.0,-0.2,0.0
3702,-0.25,0.0,-0.25,0.0,0.25,0.0,0.0,0.0,0.0,0.25,0.0,0.0,0.25,-0.25,0.0,0.0,0.0,0.25,0.0,-0.25
3703,0.25,0.0,-0.25,0.0,0.25,-0.25,0.0,0.0,0.0,-0.25,0.0,0.0,0.25,-0.25,0.0,0.0,0.0,0.0,0.0,0.25
3704,-0.3333333333333333,-0.3333333333333333,-0.3333333333333333,0.0,0.0,0.0,0.0,0.0,0.0,0.0,0.0,0.0,0.0,0.0,0.0,0.0,0.0,0.3333333333333333,0.3333333333333333,0.3333333333333333
3705,-0.3333333333333333,-0.3333333333333333,0.0,0.0,0.0,0.0,0.0,-0.3333333333333333,0.0,0.0,0.0,0.0,0.0,0.0,0.0,0.0,0.0,0.3333333333333333,0.3333333333333333,0.3333333333333333
3706,-0.3333333333333333,-0.3333333333333333,-0.3333333333333333,0.0,0.0,0.0,0.0,0.0,0.0,0.0,0.0,0.0,0.0,0.0,0.0,0.0,0.0,0.3333333333333333,0.3333333333333333,0.3333333333333333
3707,-0.3333333333333333,-0.3333333333333333,0.0,0.0,0.0,0.0,0.0,-0.3333333333333333,0.0,0.0,0.0,0.0,0.0,0.0,0.0,0.0,0.0,0.3333333333333333,0.3333333333333333,0.3333333333333333
3708,-0.3333333333333333,-0.3333333333333333,0.0,0.0,0.0,0.0,0.0,-0.3333333333333333,0.0,0.0,0.0,0.0,0.0,0.0,0.0,0.0,0.0,0.3333333333333333,0.3333333333333333,0.3333333333333333
3709,-0.3333333333333333,-0.3333333333333333,0.0,0.0,0.0,0.0,0.0,-0.3333333333333333,0.0,0.0,0.0,0.0,0.0,0.0,0.0,0.0,0.0,0.3333333333333333,0.3333333333333333,0.3333333333333333
3710,-0.3333333333333333,-0.3333333333333333,0.0,0.0,0.0,0.0,0.0,-0.3333333333333333,0.0,0.0,0.0,0.0,0.0,0.0,0.0,0.0,0.0,0.3333333333333333,0.3333333333333333,0.3333333333333333
3711,-0.3333333333333333,-0.3333333333333333,0.0,0.0,0.0,0.0,0.0,-0.3333333333333333,0.0,0.0,0.0,0.0,0.0,0.0,0.0,0.0,0.0,0.3333333333333333,0.3333333333333333,0.3333333333333333
3712,-0.3333333333333333,-0.3333333333333333,0.0,0.0,0.0,0.0,0.0,-0.3333333333333333,0.0,0.0,0.0,0.0,0.0,0.0,0.0,0.0,0.0,0.3333333333333333,0.3333333333333333,0.3333333333333333
3713,-0.3333333333333333,-0.3333333333333333,0.0,0.0,0.0,0.0,0.0,-0.3333333333333333,0.0,0.0,0.0,0.0,0.0,0.0,0.0,0.0,0.0,0.3333333333333333,0.3333333333333333,0.3333333333333333
3714,-0.3333333333333333,-0.3333333333333333,-0.3333333333333333,0.0,0.0,0.0,0.0,0.0,0.0,0.0,0.0,0.0,0.0,0.0,0.0,0.0,0.0,0.3333333333333333,0.3333333333333333,0.3333333333333333
3715,-0.3333333333333333,-0.3333333333333333,0.0,0.0,0.0,0.0,0.0,-0.3333333333333333,0.0,0.0,0.0,0.0,0.0,0.0,0.0,0.0,0.0,0.3333333333333333,0.3333333333333333,0.3333333333333333
3716,0.2,0.2,-0.2,0.0,0.2,0.2,0.2,0.0,0.0,-0.2,0.0,0.0,0.0,-0.2,0.0,-0.2,0.0,0.0,-0.2,0.0
3717,0.2,0.2,-0.2,0.0,0.2,0.2,0.2,0.0,0.0,-0.2,0.0,0.0,0.0,-0.2,0.0,-0.2,0.0,0.0,-0.2,0.0
3718,0.2,0.0,-0.2,0.0,0.2,0.2,0.2,-0.2,0.0,-0.2,0.0,0.0,0.0,-0.2,0.0,0.0,0.0,0.0,-0.2,0.2
3719,0.2,0.0,-0.2,0.0,0.2,0.2,0.2,-0.2,0.0,-0.2,0.0,0.0,0.0,0.0,0.0,-0.2,0.0,0.0,-0.2,0.2
3720,-0.3333333333333333,-0.3333333333333333,0.0,0.0,0.0,0.0,0.0,-0.3333333333333333,0.0,0.0,0.0,0.0,0.0,0.0,0.0,0.0,0.0,0.3333333333333333,0.3333333333333333,0.3333333333333333
3721,0.25,0.0,0.0,0.0,0.0,0.25,0.25,-0.25,-0.25,0.25,0.0,0.0,-0.25,0.0,0.0,0.0,0.0,0.0,-0.25,0.0
3722,0.0,-0.25,0.0,0.25,0.0,0.25,0.25,-0.25,0.0,0.0,0.0,-0.25,0.0,0.0,0.0,0.0,0.0,0.0,-0.25,0.25
3723,0.0,0.0,0.25,0.25,-0.25,0.0,0.0,-0.25,0.0,0.0,0.0,-0.25,-0.25,0.0,0.0,0.0,0.25,0.25,0.0,0.0
3724,0.2,0.0,0.0,0.2,0.0,0.2,0.2,-0.2,0.0,0.0,0.0,-0.2,-0.2,-0.2,0.0,0.0,0.2,0.0,-0.2,0.0
3725,0.2,0.0,0.0,0.2,0.0,0.2,0.2,-0.2,0.0,0.0,0.0,-0.2,-0.2,-0.2,0.0,0.0,0.2,0.0,-0.2,0.0
3726,-0.3333333333333333,-0.3333333333333333,0.0,0.0,0.0,0.0,0.0,-0.3333333333333333,0.0,0.0,0.0,0.0,0.0,0.0,0.0,0.0,0.0,0.3333333333333333,0.3333333333333333,0.3333333333333333
3727,0.2,-0.2,0.2,0.2,-0.2,0.0,0.2,0.0,0.0,0.0,0.0,-0.2,0.0,-0.2,0.0,0.0,0.2,0.0,-0.2,0.0
3728,0.2,-0.2,0.2,0.0,-0.2,0.0,0.2,-0.2,0.0,0.0,0.0,-0.2,0.0,0.2,0.0,0.0,0.2,0.0,-0.2,0.0
3729,0.2,-0.2,0.2,0.0,-0.2,0.0,0.2,0.0,0.0,0.0,0.0,-0.2,0.0,0.2,-0.2,0.0,0.2,0.0,-0.2,0.0
3730,0.2,-0.2,0.2,0.0,-0.2,0.0,0.2,0.0,0.0,0.0,0.0,-0.2,0.0,0.2,-0.2,0.0,0.2,0.0,-0.2,0.0
3731,0.0,-0.2,0.2,0.0,-0.2,0.0,0.2,0.0,0.0,0.0,0.0,0.0,0.0,0.2,-0.2,0.2,0.2,0.0,-0.2,-0.2
3732,0.0,-0.2,0.2,0.0,0.0,0.0,0.2,0.0,0.0,0.0,0.0,0.0,0.0,0.2,-0.2,0.2,0.2,-0.2,-0.2,-0.2
3733,0.0,0.0,0.2,0.0,-0.2,0.0,0.2,0.0,0.0,0.0,0.0,0.0,0.0,0.2,-0.2,0.2,0.2,-0.2,-0.2,-0.2
3734,0.0,0.0,0.2,0.0,-0.2,0.0,0.2,0.0,0.0,0.0,0.0,0.2,0.0,0.2,-0.2,0.0,0.2,-0.2,-0.2,-0.2
3735,0.0,0.0,0.2,0.0,-0.2,0.0,0.0,0.0,0.0,0.0,0.0,0.2,0.0,0.2,-0.2,0.2,0.2,-0.2,-0.2,-0.2
3736,-0.3333333333333333,-0.3333333333333333,0.0,0.0,0.0,0.0,0.0,-0.3333333333333333,0.0,0.0,0.0,0.0,0.0,0.0,0.0,0.0,0.0,0.3333333333333333,0.3333333333333333,0.3333333333333333
3737,-0.3333333333333333,-0.3333333333333333,0.0,0.0,0.0,0.0,0.0,-0.3333333333333333,0.0,0.0,0.0,0.0,0.0,0.0,0.0,0.0,0.0,0.3333333333333333,0.3333333333333333,0.3333333333333333
3738,-0.3333333333333333,-0.3333333333333333,0.0,0.0,0.0,0.0,0.0,-0.3333333333333333,0.0,0.0,0.0,0.0,0.0,0.0,0.0,0.0,0.0,0.3333333333333333,0.3333333333333333,0.3333333333333333
3739,-0.3333333333333333,-0.3333333333333333,0.0,0.0,0.0,0.0,0.0,-0.3333333333333333,0.0,0.0,0.0,0.0,0.0,0.0,0.0,0.0,0.0,0.3333333333333333,0.3333333333333333,0.3333333333333333
3740,-0.3333333333333333,-0.3333333333333333,0.0,0.0,0.0,0.0,0.0,-0.3333333333333333,0.0,0.0,0.0,0.0,0.0,0.0,0.0,0.0,0.0,0.3333333333333333,0.3333333333333333,0.3333333333333333
3741,-0.3333333333333333,-0.3333333333333333,0.0,0.0,0.0,0.0,0.0,-0.3333333333333333,0.0,0.0,0.0,0.0,0.0,0.0,0.0,0.0,0.0,0.3333333333333333,0.3333333333333333,0.3333333333333333
3742,-0.3333333333333333,-0.3333333333333333,0.0,0.0,0.0,0.0,0.0,-0.3333333333333333,0.0,0.0,0.0,0.0,0.0,0.0,0.0,0.0,0.0,0.3333333333333333,0.3333333333333333,0.3333333333333333
3743,-0.3333333333333333,-0.3333333333333333,0.0,0.0,0.0,0.0,0.0,-0.3333333333333333,0.0,0.0,0.0,0.0,0.0,0.0,0.0,0.0,0.0,0.3333333333333333,0.3333333333333333,0.3333333333333333
3744,-0.3333333333333333,-0.3333333333333333,0.0,0.0,0.0,0.0,0.0,-0.3333333333333333,0.0,0.0,0.0,0.0,0.0,0.0,0.0,0.0,0.0,0.3333333333333333,0.3333333333333333,0.3333333333333333
3745,-0.3333333333333333,-0.3333333333333333,0.0,0.0,0.0,0.0,0.0,-0.3333333333333333,0.0,0.0,0.0,0.0,0.0,0.0,0.0,0.0,0.0,0.3333333333333333,0.3333333333333333,0.3333333333333333
3746,-0.3333333333333333,-0.3333333333333333,0.0,0.0,0.0,0.0,0.0,-0.3333333333333333,0.0,0.0,0.0,0.0,0.0,0.0,0.0,0.0,0.0,0.3333333333333333,0.3333333333333333,0.3333333333333333
3747,-0.3333333333333333,-0.3333333333333333,0.0,0.0,0.0,0.0,0.0,-0.3333333333333333,0.0,0.0,0.0,0.0,0.0,0.0,0.0,0.0,0.0,0.3333333333333333,0.3333333333333333,0.3333333333333333
3748,-0.3333333333333333,-0.3333333333333333,0.0,0.0,0.0,0.0,0.0,-0.3333333333333333,0.0,0.0,0.0,0.0,0.0,0.0,0.0,0.0,0.0,0.3333333333333333,0.3333333333333333,0.3333333333333333
3749,-0.3333333333333333,-0.3333333333333333,0.0,0.0,0.0,0.0,0.0,-0.3333333333333333,0.0,0.0,0.0,0.0,0.0,0.0,0.0,0.0,0.0,0.3333333333333333,0.3333333333333333,0.3333333333333333
3750,-0.3333333333333333,-0.3333333333333333,0.0,0.0,0.0,0.0,0.0,-0.3333333333333333,0.0,0.0,0.0,0.0,0.0,0.0,0.0,0.0,0.0,0.3333333333333333,0.3333333333333333,0.3333333333333333
3751,-0.3333333333333333,-0.3333333333333333,0.0,0.0,0.0,0.0,0.0,-0.3333333333333333,0.0,0.0,0.0,0.0,0.0,0.0,0.0,0.0,0.0,0.3333333333333333,0.3333333333333333,0.3333333333333333
3752,-0.3333333333333333,-0.3333333333333333,0.0,0.0,0.0,0.0,0.0,-0.3333333333333333,0.0,0.0,0.0,0.0,0.0,0.0,0.0,0.0,0.0,0.3333333333333333,0.3333333333333333,0.3333333333333333
3753,-0.3333333333333333,-0.3333333333333333,0.0,0.0,0.0,0.0,0.0,-0.3333333333333333,0.0,0.0,0.0,0.0,0.0,0.0,0.0,0.0,0.0,0.3333333333333333,0.3333333333333333,0.3333333333333333
3754,0.2,0.2,0.0,0.0,0.0,0.2,0.0,-0.2,-0.2,-0.2,-0.2,0.0,0.0,0.2,-0.2,0.0,0.0,0.0,0.0,0.2
3755,0.2,0.2,0.0,0.0,0.2,0.2,0.0,-0.2,-0.2,-0.2,-0.2,0.0,0.0,0.2,-0.2,0.0,0.0,0.0,0.0,0.0
3756,0.2,0.2,0.0,0.0,0.2,0.2,0.0,-0.2,-0.2,-0.2,-0.2,-0.2,0.0,0.0,0.0,0.0,0.0,0.0,0.0,0.2
3757,0.0,-0.25,0.25,0.25,0.0,0.0,0.25,0.0,0.0,0.0,0.0,-0.25,-0.25,-0.25,0.0,0.0,0.0,0.0,0.25,0.0
3758,0.0,0.0,0.0,0.0,0.2,0.2,0.2,-0.2,-0.2,-0.2,-0.2,-0.2,0.0,0.0,0.0,0.0,0.0,0.0,0.2,0.2
3759,0.0,0.0,0.0,0.2,0.2,0.0,0.2,-0.2,-0.2,-0.2,-0.2,-0.2,0.0,0.0,0.0,0.0,0.0,0.0,0.2,0.2
3760,0.0,0.0,0.0,0.2,0.2,0.0,0.2,-0.2,-0.2,0.0,-0.2,-0.2,-0.2,0.0,0.0,0.0,0.0,0.0,0.2,0.2
3761,0.0,0.0,0.0,0.0,0.2,0.0,0.2,-0.2,-0.2,0.0,-0.2,-0.2,-0.2,0.0,0.2,0.0,0.0,0.0,0.2,0.2
3762,0.0,0.0,0.0,0.0,0.2,0.0,0.2,-0.2,0.0,0.0,-0.2,-0.2,-0.2,-0.2,0.2,0.0,0.0,0.0,0.2,0.2
3763,0.0,0.0,0.0,0.0,0.2,-0.2,0.2,-0.2,0.0,0.0,-0.2,-0.2,-0.2,0.0,0.2,0.0,0.0,0.0,0.2,0.2
3764,0.0,0.0,-0.2,-0.2,0.2,-0.2,0.2,0.0,0.0,0.0,0.0,0.0,-0.2,0.0,0.2,0.0,0.0,-0.2,0.2,0.2
3765,0.0,0.0,-0.2,-0.2,0.2,-0.2,0.2,0.0,0.0,0.0,0.0,0.0,-0.2,0.0,0.0,0.0,0.2,-0.2,0.2,0.2
3766,0.0,0.0,-0.2,-0.2,0.2,-0.2,0.2,-0.2,0.0,0.0,0.0,0.0,0.0,0.0,0.0,0.0,0.2,-0.2,0.2,0.2
3767,0.0,0.0,-0.2,-0.2,0.2,-0.2,0.2,0.0,0.0,0.0,0.0,0.0,0.0,0.0,0.0,-0.2,0.2,-0.2,0.2,0.2
3768,0.0,0.0,-0.2,-0.2,0.2,-0.2,0.2,0.0,0.0,0.0,0.0,0.0,0.0,0.0,0.0,-0.2,0.2,-0.2,0.2,0.2
3769,0.0,0.0,-0.2,-0.2,0.2,-0.2,0.2,0.0,-0.2,0.0,0.0,0.0,0.0,0.0,0.0,-0.2,0.2,0.0,0.2,0.2
3770,0.0,0.2,-0.2,-0.2,0.2,-0.2,0.2,0.0,-0.2,0.0,0.0,0.2,0.0,0.0,0.0,-0.2,0.2,0.0,0.0,0.0
3771,0.0,0.2,-0.2,-0.2,0.2,0.0,0.0,0.0,-0.2,0.0,0.2,0.2,-0.2,0.0,0.0,-0.2,0.2,0.0,0.0,0.0
3772,0.0,0.2,-0.2,-0.2,0.2,0.0,0.0,0.0,-0.2,0.0,0.2,0.2,-0.2,0.0,0.0,-0.2,0.2,0.0,0.0,0.0
3773,0.0,0.2,-0.2,0.0,0.2,0.0,-0.2,-0.2,0.0,0.0,0.2,0.2,-0.2,0.0,0.0,-0.2,0.2,0.0,0.0,0.0
3774,0.0,0.2,-0.2,0.0,0.2,-0.2,-0.2,0.0,0.0,-0.2,0.2,0.2,0.0,0.0,0.0,-0.2,0.2,0.0,0.0,0.0
3775,0.0,0.2,-0.2,0.0,0.0,-0.2,-0.2,0.0,0.0,-0.2,0.2,0.0,0.0,0.0,0.0,-0.2,0.2,0.2,0.0,0.2
3776,0.0,0.2,-0.2,0.0,0.0,-0.2,-0.2,0.0,0.0,-0.2,0.2,0.0,0.0,0.0,0.0,-0.2,0.2,0.2,0.0,0.2
3777,0.0,0.2,-0.2,0.0,-0.2,-0.2,-0.2,0.0,0.0,0.0,0.2,0.0,0.2,0.0,0.0,-0.2,0.2,0.2,0.0,0.0
3778,0.0,0.2,-0.2,0.0,0.0,-0.2,-0.2,0.0,0.0,0.0,0.2,-0.2,0.2,0.0,0.0,-0.2,0.2,0.2,0.0,0.0
3779,-0.2,0.2,-0.2,0.0,0.0,-0.2,-0.2,0.0,0.0,0.0,0.2,0.0,0.0,0.0,0.2,-0.2,0.2,0.2,0.0,0.0
3780,-0.2,0.2,-0.2,0.0,0.0,-0.2,-0.2,0.0,0.0,0.0,0.2,-0.2,0.0,0.0,0.2,0.0,0.2,0.2,0.0,0.0
3781,-0.2,0.2,-0.2,0.0,0.0,-0.2,0.0,0.0,0.0,0.0,0.2,-0.2,0.0,0.0,0.2,0.0,0.2,0.2,-0.2,0.0
3782,-0.2,0.0,-0.2,0.2,0.0,-0.2,0.0,0.0,0.0,0.0,0.2,-0.2,0.0,0.0,0.2,0.0,0.2,0.2,-0.2,0.0
3783,-0.2,0.0,-0.2,0.2,0.0,-0.2,0.0,0.0,0.0,0.0,0.2,-0.2,0.0,0.0,0.2,0.0,0.2,0.2,-0.2,0.0
3784,-0.2,0.0,-0.2,0.0,0.0,-0.2,0.0,0.0,-0.2,0.0,0.2,0.2,0.0,0.0,0.2,0.0,0.2,0.2,-0.2,0.0
3785,-0.2,0.0,-0.2,0.0,0.0,-0.2,0.0,-0.2,0.0,0.0,0.2,0.2,0.0,0.0,0.2,0.0,0.2,0.2,-0.2,0.0
3786,-0.2,0.0,-0.2,0.0,0.0,-0.2,0.0,-0.2,0.0,0.0,0.2,0.2,0.0,0.0,0.2,0.0,0.2,0.2,-0.2,0.0
3787,0.0,0.0,-0.2,0.0,0.0,-0.2,0.0,-0.2,0.0,0.0,0.2,0.2,0.0,0.0,0.2,0.0,0.2,0.2,-0.2,-0.2
3788,0.0,0.0,-0.2,0.2,0.0,-0.2,0.0,0.0,0.0,0.0,0.2,0.2,0.0,-0.2,0.0,0.0,0.2,0.2,-0.2,-0.2
3789,0.0,0.0,-0.2,0.2,0.0,-0.2,0.0,0.0,0.0,0.0,0.2,0.2,0.0,-0.2,0.0,0.0,0.2,0.2,-0.2,-0.2
3790,0.0,0.0,-0.2,0.2,0.0,-0.2,0.0,0.0,0.0,0.0,0.2,0.2,0.0,-0.2,0.0,0.0,0.2,0.2,-0.2,-0.2
3791,0.0,0.0,-0.2,0.2,0.0,-0.2,0.0,-0.2,0.0,0.0,0.2,0.2,0.0,-0.2,0.0,0.0,0.2,0.2,-0.2,0.0
3792,0.0,0.0,-0.2,0.2,0.0,-0.2,0.0,-0.2,0.0,0.0,0.2,0.2,0.0,-0.2,0.0,0.0,0.2,0.2,-0.2,0.0
3793,0.0,0.0,-0.2,0.2,0.0,-0.2,0.0,-0.2,0.0,0.0,0.2,0.2,0.0,-0.2,0.0,0.0,0.2,0.2,-0.2,0.0
3794,0.0,0.0,-0.2,0.2,0.0,-0.2,0.0,-0.2,0.0,0.0,0.2,0.2,0.0,-0.2,0.0,0.0,0.2,0.2,-0.2,0.0
3795,0.0,0.2,-0.2,0.2,0.0,0.0,0.0,-0.2,0.0,-0.2,0.2,0.2,0.0,-0.2,0.0,0.0,0.0,0.2,-0.2,0.0
3796,0.0,0.2,-0.2,0.0,0.0,-0.2,0.2,-0.2,0.0,0.0,0.2,0.2,0.0,-0.2,0.0,0.0,0.0,0.2,-0.2,0.0
3797,0.0,0.2,-0.2,0.0,0.0,-0.2,0.2,-0.2,0.0,0.0,0.2,0.2,0.0,-0.2,0.0,0.0,0.0,0.2,-0.2,0.0
3798,0.0,0.2,-0.2,0.0,0.0,-0.2,0.2,0.0,0.0,-0.2,0.2,0.2,0.0,-0.2,0.2,0.0,0.0,0.0,-0.2,0.0
3799,-0.2,0.0,-0.2,0.0,0.0,-0.2,0.2,0.0,0.0,0.0,0.2,0.2,0.0,-0.2,0.2,0.0,0.0,0.2,-0.2,0.0
3800,-0.2,0.0,-0.2,0.0,0.0,-0.2,0.2,0.0,0.0,0.0,0.2,0.2,0.0,-0.2,0.2,0.0,0.0,0.2,-0.2,0.0
3801,0.0,0.0,-0.2,0.2,0.2,-0.2,0.2,0.0,0.0,-0.2,0.2,0.2,0.0,-0.2,0.0,0.0,0.0,0.0,-0.2,0.0
3802,0.0,0.0,-0.2,0.2,0.2,-0.2,0.2,0.0,0.0,-0.2,0.2,0.2,0.0,-0.2,0.0,0.0,0.0,0.0,-0.2,0.0
3803,-0.2,0.2,-0.2,0.2,0.2,-0.2,0.2,0.0,0.0,0.0,0.0,0.2,0.0,-0.2,0.0,0.0,0.0,0.0,-0.2,0.0
3804,-0.2,0.2,-0.2,0.0,0.2,-0.2,0.2,0.0,0.0,0.0,0.2,0.2,0.0,-0.2,0.0,0.0,0.0,0.0,-0.2,0.0
3805,0.0,0.2,-0.2,0.0,0.2,-0.2,0.2,-0.2,0.0,0.0,0.0,0.2,0.0,-0.2,0.0,0.0,0.2,0.0,-0.2,0.0
3806,0.0,0.2,-0.2,0.0,0.2,-0.2,0.2,-0.2,0.0,0.0,0.0,0.2,0.0,-0.2,0.0,0.0,0.2,0.0,-0.2,0.0
3807,0.0,0.2,-0.2,0.0,0.2,-0.2,0.2,-0.2,0.0,0.0,0.0,0.2,0.0,-0.2,0.0,0.0,0.2,0.0,-0.2,0.0
3808,0.0,0.2,-0.2,0.0,0.2,-0.2,0.0,-0.2,0.0,0.0,0.0,0.2,0.0,-0.2,0.0,0.0,0.2,0.2,-0.2,0.0
3809,0.0,0.2,-0.2,0.0,0.2,-0.2,0.0,-0.2,0.0,0.0,0.2,0.2,0.0,-0.2,0.0,0.0,0.2,0.0,-0.2,0.0
3810,0.0,0.2,-0.2,-0.2,0.0,-0.2,0.0,-0.2,0.0,0.0,0.2,0.2,0.0,-0.2,0.0,0.0,0.2,0.2,0.0,0.0
3811,0.0,0.2,-0.2,-0.2,0.0,-0.2,0.2,-0.2,0.0,0.0,0.2,0.2,0.0,-0.2,0.0,0.0,0.2,0.0,0.0,0.0
3812,0.0,0.2,-0.2,-0.2,0.0,-0.2,0.2,-0.2,0.0,0.0,0.2,0.2,0.0,-0.2,0.0,0.0,0.2,0.0,0.0,0.0
3813,-0.25,0.0,0.0,0.0,0.25,0.0,-0.25,0.0,-0.25,0.25,0.0,0.0,0.0,0.0,0.25,0.0,0.0,-0.25,0.0,0.25
3814,0.0,0.2,-0.2,-0.2,0.0,0.0,0.2,-0.2,0.0,0.0,0.0,0.2,0.0,-0.2,0.0,-0.2,0.2,0.0,0.0,0.2
3815,0.0,0.2,-0.2,-0.2,0.0,0.0,0.0,-0.2,0.0,0.0,0.2,0.2,0.0,-0.2,0.0,-0.2,0.2,0.0,0.0,0.2
3816,-0.25,0.0,0.0,0.0,0.25,0.25,0.25,0.0,-0.25,-0.25,0.0,0.0,0.0,0.0,0.25,0.0,0.0,-0.25,0.0,0.0
3817,-0.25,0.0,0.0,0.0,0.25,0.25,0.25,0.0,-0.25,-0.25,0.0,0.0,0.0,0.0,-0.25,0.0,0.0,0.25,0.0,0.0
3818,-0.25,0.0,0.0,0.0,0.25,0.0,-0.25,0.0,0.0,-0.25,-0.25,0.0,0.0,0.0,0.25,0.0,0.0,0.25,0.25,0.0
3819,-0.25,0.0,0.0,0.0,0.25,0.0,0.25,0.0,0.0,-0.25,-0.25,0.0,0.0,0.0,0.25,0.0,0.0,0.25,-0.25,0.0
3820,0.0,0.0,0.0,0.0,0.25,0.0,0.25,0.0,0.0,-0.25,-0.25,-0.25,0.0,0.0,-0.25,0.0,0.0,0.25,0.25,0.0
3821,-0.25,0.0,0.0,0.0,0.25,0.0,0.25,0.0,0.0,-0.25,0.0,-0.25,0.0,0.0,-0.25,0.0,0.0,0.25,0.25,0.0
3822,-0.25,0.0,0.0,0.0,0.25,0.0,0.25,0.0,-0.25,-0.25,0.0,0.0,0.0,0.0,-0.25,0.0,0.0,0.25,0.25,0.0
3823,-0.25,0.0,-0.25,0.0,0.25,0.0,0.25,0.0,0.0,-0.25,0.0,0.0,0.0,0.0,-0.25,0.0,0.0,0.25,0.25,0.0
3824,-0.25,-0.25,0.0,0.25,0.25,-0.25,0.0,0.0,0.0,0.0,-0.25,0.0,0.0,0.0,0.0,0.0,0.0,0.25,0.25,0.0
3825,-0.25,-0.25,0.0,0.25,0.0,-0.25,0.0,0.0,0.0,0.0,-0.25,0.0,0.0,0.25,0.0,0.0,0.0,0.25,0.25,0.0
3826,-0.25,0.0,0.0,0.25,0.25,0.0,0.0,0.0,0.0,-0.25,0.25,0.0,0.0,0.0,-0.25,0.0,0.0,0.25,0.0,-0.25
3827,-0.25,0.0,-0.25,0.25,0.0,0.0,0.0,0.0,0.0,-0.25,0.25,0.0,0.0,0.0,-0.25,0.0,0.0,0.25,0.25,0.0
3828,-0.25,-0.25,-0.25,0.25,0.0,0.0,0.0,0.0,0.0,0.0,0.25,0.0,-0.25,0.0,0.0,0.0,0.0,0.25,0.25,0.0
3829,-0.25,0.0,-0.25,0.25,-0.25,0.0,0.0,0.0,0.25,0.0,0.25,0.0,0.0,0.0,0.0,0.25,-0.25,0.0,0.0,0.0
3830,-0.25,0.0,-0.25,0.25,0.0,0.0,0.0,0.0,0.25,0.0,0.0,0.25,0.0,0.0,0.0,0.25,-0.25,0.0,-0.25,0.0
3831,0.0,0.25,-0.25,0.25,0.0,0.0,0.0,0.0,0.0,0.0,0.0,0.25,0.0,-0.25,0.25,0.0,-0.25,0.0,-0.25,0.0
3832,0.0,0.0,-0.25,0.0,0.0,0.0,0.25,-0.25,0.25,0.0,0.0,0.0,0.25,-0.25,0.25,0.0,-0.25,0.0,0.0,0.0
3833,0.0,0.0,-0.25,0.25,0.0,0.0,0.0,0.0,0.0,0.0,0.0,-0.25,0.0,0.0,0.25,0.25,-0.25,-0.25,0.0,0.25
3834,0.0,-0.25,0.0,0.0,0.0,0.0,0.0,0.0,0.25,0.0,0.0,-0.25,0.25,0.0,0.25,0.0,-0.25,-0.25,0.25,0.0
3835,0.0,0.0,-0.25,0.0,0.0,0.0,0.0,0.0,0.25,0.0,0.0,0.0,0.25,-0.25,0.25,0.25,-0.25,-0.25,0.0,0.0
3836,0.0,0.0,0.0,0.0,0.25,0.0,0.0,0.0,0.0,-0.25,0.25,-0.25,0.25,-0.25,0.25,0.0,-0.25,0.0,0.0,0.0
3837,0.0,-0.25,0.0,0.25,0.0,0.0,0.25,0.0,0.0,-0.25,0.0,-0.25,0.25,-0.25,0.0,0.0,0.0,0.0,0.25,0.0
3838,0.0,-0.25,0.0,0.25,0.0,0.0,0.0,0.0,0.0,0.0,0.25,-0.25,0.25,-0.25,0.0,0.0,0.0,-0.25,0.25,0.0
3839,0.0,-0.25,0.0,0.0,0.0,0.0,0.0,0.25,0.0,0.0,0.25,-0.25,0.0,-0.25,0.0,-0.25,0.0,0.0,0.25,0.25
3840,0.25,-0.25,0.0,0.0,0.0,0.0,0.0,0.0,0.0,0.0,0.25,-0.25,0.0,-0.25,0.25,-0.25,0.0,0.0,0.25,0.0
3841,0.0,0.0,-0.25,0.0,0.0,0.25,0.0,0.0,-0.25,0.0,0.0,0.0,0.0,-0.25,0.25,-0.25,0.0,0.25,0.25,0.0
3842,0.0,0.0,0.0,-0.25,-0.25,0.25,0.25,0.0,0.0,0.0,0.0,0.0,0.25,0.0,0.0,-0.25,0.0,-0.25,0.25,0.0
3843,0.25,0.0,0.0,-0.25,-0.25,0.25,0.0,0.0,0.0,0.25,0.0,0.0,0.0,0.0,0.25,-0.25,0.0,-0.25,0.0,0.0
3844,0.0,0.0,0.0,-0.25,-0.25,0.25,0.0,0.0,0.0,0.25,0.25,0.0,0.0,0.0,0.25,-0.25,0.0,-0.25,0.0,0.0
3845,0.0,0.0,0.0,-0.25,-0.25,0.0,0.0,0.0,0.25,0.25,0.0,0.0,0.25,0.0,0.25,0.0,-0.25,-0.25,0.0,0.0
3846,-0.3333333333333333,-0.3333333333333333,0.0,0.0,0.0,0.0,0.0,-0.3333333333333333,0.0,0.0,0.0,0.0,0.0,0.0,0.0,0.0,0.0,0.3333333333333333,0.3333333333333333,0.3333333333333333
3847,0.25,0.0,0.0,0.0,0.0,-0.25,0.25,-0.25,0.25,0.0,-0.25,0.0,0.25,0.0,0.0,0.0,0.0,0.0,0.0,-0.25
3848,0.25,0.0,0.0,0.0,0.0,-0.25,0.25,-0.25,-0.25,0.0,-0.25,0.0,0.25,0.0,0.0,0.0,0.0,0.0,0.0,0.25
3849,0.25,0.0,-0.25,0.0,0.0,-0.25,0.25,0.0,-0.25,0.0,-0.25,0.0,0.25,0.0,0.0,0.0,0.0,0.0,0.0,0.25
3850,-0.16666666666666666,0.16666666666666666,-0.16666666666666666,0.0,0.16666666666666666,0.0,0.0,-0.16666666666666666,-0.16666666666666666,-0.16666666666666666,0.16666666666666666,0.16666666666666666,0.16666666666666666,0.16666666666666666,0.0,0.0,0.0,0.0,-0.16666666666666666,0.0
3851,0.0,0.16666666666666666,-0.16666666666666666,-0.16666666666666666,0.0,0.0,0.16666666666666666,0.0,-0.16666666666666666,-0.16666666666666666,0.0,0.16666666666666666,0.16666666666666666,0.16666666666666666,0.0,0.16666666666666666,0.0,-0.16666666666666666,-0.16666666666666666,0.0
3852,0.0,0.16666666666666666,-0.16666666666666666,-0.16666666666666666,0.0,0.0,0.16666666666666666,0.0,-0.16666666666666666,-0.16666666666666666,0.0,0.16666666666666666,0.16666666666666666,0.16666666666666666,0.0,0.16666666666666666,0.0,-0.16666666666666666,-0.16666666666666666,0.0
3853,0.0,0.16666666666666666,-0.16666666666666666,-0.16666666666666666,0.0,0.0,0.16666666666666666,0.0,-0.16666666666666666,-0.16666666666666666,0.0,0.16666666666666666,0.16666666666666666,0.16666666666666666,0.0,0.16666666666666666,0.0,-0.16666666666666666,-0.16666666666666666,0.0
3854,0.0,0.16666666666666666,-0.16666666666666666,-0.16666666666666666,0.0,0.0,0.16666666666666666,0.0,-0.16666666666666666,-0.16666666666666666,0.0,0.16666666666666666,0.16666666666666666,0.16666666666666666,0.0,0.16666666666666666,0.0,-0.16666666666666666,-0.16666666666666666,0.0
3855,0.0,0.0,0.0,-0.2,-0.2,0.2,0.0,0.0,-0.2,0.0,0.0,0.0,0.2,0.0,0.2,-0.2,0.0,-0.2,0.2,0.2
3856,0.0,0.0,0.0,-0.2,-0.2,0.2,0.0,0.0,-0.2,-0.2,0.0,0.2,0.2,0.0,0.2,0.0,0.0,-0.2,0.2,0.0
3857,0.0,0.2,-0.2,-0.2,-0.2,0.2,0.0,0.0,-0.2,0.0,0.0,0.2,0.0,0.0,0.2,0.0,0.0,-0.2,0.2,0.0
3858,0.0,0.2,-0.2,-0.2,-0.2,0.2,0.0,0.0,-0.2,0.0,0.2,0.2,0.0,0.0,0.2,0.0,0.0,-0.2,0.0,0.0
3859,0.0,0.2,-0.2,-0.2,-0.2,0.2,0.0,0.0,-0.2,0.0,0.2,0.2,0.0,0.0,0.2,0.0,0.0,-0.2,0.0,0.0
3860,0.0,0.2,-0.2,-0.2,-0.2,0.0,0.0,0.0,-0.2,0.0,0.2,0.2,0.0,0.0,0.2,0.0,0.2,-0.2,0.0,0.0
3861,0.0,0.2,-0.2,-0.2,-0.2,0.2,0.0,0.0,-0.2,0.0,0.2,0.2,0.0,0.0,0.2,0.0,0.0,-0.2,0.0,0.0
3862,0.0,0.2,-0.2,-0.2,-0.2,0.2,0.0,0.0,-0.2,0.0,0.2,0.2,0.0,0.0,0.2,0.0,0.0,-0.2,0.0,0.0
3863,-0.2,0.2,-0.2,-0.2,-0.2,0.2,0.0,0.0,0.0,0.0,0.2,0.2,0.0,0.0,0.2,0.0,0.0,-0.2,0.0,0.0
3864,-0.16666666666666666,0.16666666666666666,-0.16666666666666666,-0.16666666666666666,0.0,0.0,0.16666666666666666,0.0,-0.16666666666666666,-0.16666666666666666,0.0,0.16666666666666666,0.16666666666666666,0.16666666666666666,0.0,0.16666666666666666,0.0,0.0,-0.16666666666666666,0.0
3865,-0.16666666666666666,0.16666666666666666,-0.16666666666666666,-0.16666666666666666,0.0,0.0,0.16666666666666666,0.0,-0.16666666666666666,-0.16666666666666666,0.0,0.16666666666666666,0.16666666666666666,0.16666666666666666,0.0,0.16666666666666666,0.0,0.0,-0.16666666666666666,0.0
3866,-0.2,0.2,-0.2,-0.2,-0.2,0.2,0.0,-0.2,0.0,0.0,0.2,0.2,0.0,0.0,0.0,0.0,0.0,0.0,0.2,0.0
3867,-0.2,0.2,-0.2,-0.2,0.0,0.0,0.2,-0.2,0.0,0.0,0.2,0.2,0.0,0.0,0.0,-0.2,0.0,0.0,0.2,0.0
3868,-0.2,0.2,-0.2,0.0,0.0,0.0,0.2,-0.2,0.0,0.0,0.2,0.2,0.0,0.0,0.0,-0.2,0.0,0.0,0.2,-0.2
3869,-0.2,0.2,-0.2,0.0,0.0,0.2,0.2,-0.2,0.0,0.0,0.2,0.0,0.0,0.0,0.0,-0.2,0.0,0.0,0.2,-0.2
3870,-0.2,0.0,0.0,0.0,0.2,0.2,0.2,-0.2,-0.2,0.0,0.2,0.0,0.0,0.0,0.0,-0.2,0.0,0.0,0.2,-0.2
3871,-0.2,0.0,0.0,0.0,0.2,0.2,0.2,-0.2,-0.2,0.0,0.2,0.0,0.0,0.0,0.0,-0.2,0.2,0.0,0.0,-0.2
3872,-0.2,0.0,0.0,0.0,0.2,0.2,0.2,-0.2,-0.2,0.0,0.2,0.0,0.0,0.0,0.0,-0.2,0.2,0.0,0.0,-0.2
3873,-0.2,0.0,0.0,0.0,0.2,0.2,0.2,-0.2,-0.2,0.0,0.2,0.0,0.0,0.0,0.0,-0.2,0.0,0.2,0.0,-0.2
3874,-0.2,0.0,0.0,0.0,0.2,0.2,0.2,-0.2,-0.2,0.0,0.2,0.0,0.0,0.0,0.0,-0.2,0.0,0.2,0.0,-0.2
3875,-0.2,0.0,0.0,0.0,0.2,0.2,0.2,-0.2,0.0,0.0,0.2,0.0,-0.2,0.0,0.0,-0.2,0.0,0.2,0.0,-0.2
3876,-0.2,0.0,0.0,0.0,0.2,0.2,0.2,-0.2,-0.2,0.0,0.2,0.0,-0.2,0.0,0.0,-0.2,0.0,0.2,0.0,0.0
3877,-0.2,0.0,0.0,0.0,0.2,0.2,0.0,0.0,-0.2,0.0,0.0,0.0,-0.2,0.2,0.2,-0.2,-0.2,0.2,0.0,0.0
3878,-0.2,0.0,0.0,0.0,0.2,0.2,0.0,0.2,-0.2,0.0,0.0,0.0,-0.2,0.2,0.0,-0.2,-0.2,0.2,0.0,0.0
3879,-0.2,0.0,0.0,0.0,0.2,0.2,0.0,0.2,0.0,0.0,-0.2,0.0,-0.2,0.2,0.0,-0.2,-0.2,0.2,0.0,0.0
3880,-0.2,0.2,0.0,0.0,0.2,0.2,0.0,0.2,0.0,0.0,-0.2,0.0,-0.2,0.0,0.0,-0.2,-0.2,0.2,0.0,0.0
3881,-0.2,0.0,0.0,0.0,0.2,0.2,0.0,0.2,0.0,0.2,-0.2,0.0,-0.2,0.0,0.0,-0.2,-0.2,0.2,0.0,0.0
3882,0.0,0.0,0.0,0.0,0.2,0.2,0.0,0.2,0.2,0.2,-0.2,0.0,-0.2,0.0,0.0,-0.2,-0.2,0.0,-0.2,0.0
3883,0.0,0.0,0.0,0.0,0.2,0.2,0.0,0.2,0.2,0.2,-0.2,0.0,-0.2,0.0,0.0,-0.2,-0.2,0.0,-0.2,0.0
3884,0.0,0.0,0.2,0.0,0.0,0.2,0.0,0.2,0.2,0.2,-0.2,0.0,-0.2,0.0,0.0,-0.2,-0.2,0.0,-0.2,0.0
3885,0.0,0.0,0.2,0.0,0.0,0.2,0.0,0.2,0.2,0.2,-0.2,0.0,-0.2,0.0,0.0,-0.2,-0.2,0.0,-0.2,0.0
3886,0.0,0.0,0.2,0.2,0.0,0.2,0.0,0.2,0.0,0.2,-0.2,0.0,-0.2,0.0,0.0,-0.2,-0.2,0.0,-0.2,0.0
3887,0.0,0.0,0.2,0.2,0.0,0.2,0.0,0.2,0.0,0.2,-0.2,0.0,-0.2,0.0,0.0,-0.2,-0.2,0.0,-0.2,0.0
3888,0.0,0.0,0.2,0.2,0.0,0.0,0.0,0.2,0.2,0.2,-0.2,0.0,-0.2,0.0,0.0,-0.2,-0.2,0.0,-0.2,0.0
3889,0.0,0.2,0.2,0.2,0.0,0.0,0.0,0.0,0.2,0.2,-0.2,0.0,-0.2,0.0,0.0,-0.2,-0.2,0.0,-0.2,0.0
3890,0.0,0.2,0.2,0.0,0.0,0.0,0.0,0.0,0.2,0.2,-0.2,0.2,-0.2,0.0,0.0,-0.2,-0.2,0.0,-0.2,0.0
3891,0.2,0.2,0.0,0.0,0.0,0.0,0.0,0.0,0.2,0.2,-0.2,0.2,-0.2,0.0,0.0,-0.2,-0.2,0.0,-0.2,0.0
3892,0.2,0.2,0.0,0.0,-0.2,0.0,0.0,0.0,0.2,0.2,-0.2,0.2,-0.2,0.0,0.0,-0.2,0.0,-0.2,0.0,0.0
3893,-0.16666666666666666,0.16666666666666666,-0.16666666666666666,0.0,-0.16666666666666666,0.16666666666666666,0.16666666666666666,0.0,0.0,0.0,-0.16666666666666666,0.16666666666666666,0.0,0.16666666666666666,0.0,0.16666666666666666,0.0,-0.16666666666666666,-0.16666666666666666,0.0
3894,-0.16666666666666666,0.16666666666666666,-0.16666666666666666,0.0,-0.16666666666666666,0.16666666666666666,0.16666666666666666,0.0,0.0,0.0,-0.16666666666666666,0.16666666666666666,0.0,0.16666666666666666,0.0,0.16666666666666666,0.0,-0.16666666666666666,-0.16666666666666666,0.0
3895,-0.16666666666666666,0.16666666666666666,-0.16666666666666666,0.0,-0.16666666666666666,0.16666666666666666,0.16666666666666666,0.0,0.0,0.0,-0.16666666666666666,0.16666666666666666,0.0,0.16666666666666666,0.0,0.16666666666666666,0.0,-0.16666666666666666,-0.16666666666666666,0.0
3896,0.2,0.2,0.0,0.0,-0.2,0.0,-0.2,0.0,0.2,0.2,-0.2,0.2,0.0,0.0,0.0,-0.2,0.0,-0.2,0.0,0.0
3897,0.2,0.2,0.0,0.0,-0.2,0.0,-0.2,0.0,0.2,0.2,-0.2,0.2,0.0,0.0,0.0,-0.2,0.0,-0.2,0.0,0.0
3898,-0.3333333333333333,-0.3333333333333333,0.0,0.0,0.0,0.0,0.0,-0.3333333333333333,0.0,0.0,0.0,0.0,0.0,0.0,0.0,0.0,0.0,0.3333333333333333,0.3333333333333333,0.3333333333333333
3899,-0.3333333333333333,-0.3333333333333333,0.0,0.0,0.0,0.0,0.0,-0.3333333333333333,0.0,0.0,0.0,0.0,0.0,0.0,0.0,0.0,0.0,0.3333333333333333,0.3333333333333333,0.3333333333333333
3900,-0.3333333333333333,-0.3333333333333333,0.0,0.0,0.0,0.0,0.0,-0.3333333333333333,0.0,0.0,0.0,0.0,0.0,0.0,0.0,0.0,0.0,0.3333333333333333,0.3333333333333333,0.3333333333333333
3901,-0.3333333333333333,-0.3333333333333333,0.0,0.0,0.0,0.0,0.0,-0.3333333333333333,0.0,0.0,0.0,0.0,0.0,0.0,0.0,0.0,0.0,0.3333333333333333,0.3333333333333333,0.3333333333333333
3902,-0.3333333333333333,-0.3333333333333333,0.0,0.0,0.0,0.0,0.0,-0.3333333333333333,0.0,0.0,0.0,0.0,0.0,0.0,0.0,0.0,0.0,0.3333333333333333,0.3333333333333333,0.3333333333333333
3903,-0.3333333333333333,-0.3333333333333333,0.0,0.0,0.0,0.0,0.0,-0.3333333333333333,0.0,0.0,0.0,0.0,0.0,0.0,0.0,0.0,0.0,0.3333333333333333,0.3333333333333333,0.3333333333333333
3904,-0.3333333333333333,-0.3333333333333333,0.0,0.0,0.0,0.0,0.0,-0.3333333333333333,0.0,0.0,0.0,0.0,0.0,0.0,0.0,0.0,0.0,0.3333333333333333,0.3333333333333333,0.3333333333333333
3905,-0.3333333333333333,-0.3333333333333333,0.0,0.0,0.0,0.0,0.0,-0.3333333333333333,0.0,0.0,0.0,0.0,0.0,0.0,0.0,0.0,0.0,0.3333333333333333,0.3333333333333333,0.3333333333333333
3906,-0.3333333333333333,-0.3333333333333333,0.0,0.0,0.0,0.0,0.0,-0.3333333333333333,0.0,0.0,0.0,0.0,0.0,0.0,0.0,0.0,0.0,0.3333333333333333,0.3333333333333333,0.3333333333333333
3907,-0.3333333333333333,-0.3333333333333333,0.0,0.0,0.0,0.0,0.0,-0.3333333333333333,0.0,0.0,0.0,0.0,0.0,0.0,0.0,0.0,0.0,0.3333333333333333,0.3333333333333333,0.3333333333333333
3908,-0.3333333333333333,-0.3333333333333333,0.0,0.0,0.0,0.0,0.0,-0.3333333333333333,0.0,0.0,0.0,0.0,0.0,0.0,0.0,0.0,0.0,0.3333333333333333,0.3333333333333333,0.3333333333333333
3909,-0.3333333333333333,-0.3333333333333333,0.0,0.0,0.0,0.0,0.0,-0.3333333333333333,0.0,0.0,0.0,0.0,0.0,0.0,0.0,0.0,0.0,0.3333333333333333,0.3333333333333333,0.3333333333333333
3910,-0.3333333333333333,-0.3333333333333333,0.0,0.0,0.0,0.0,0.0,-0.3333333333333333,0.0,0.0,0.0,0.0,0.0,0.0,0.0,0.0,0.0,0.3333333333333333,0.3333333333333333,0.3333333333333333
3911,-0.3333333333333333,-0.3333333333333333,0.0,0.0,0.0,0.0,0.0,-0.3333333333333333,0.0,0.0,0.0,0.0,0.0,0.0,0.0,0.0,0.0,0.3333333333333333,0.3333333333333333,0.3333333333333333
3912,0.16666666666666666,0.16666666666666666,-0.16666666666666666,0.0,-0.16666666666666666,0.16666666666666666,0.16666666666666666,-0.16666666666666666,0.0,0.0,0.0,0.16666666666666666,0.0,0.16666666666666666,0.0,-0.16666666666666666,0.0,-0.16666666666666666,-0.16666666666666666,0.0
3913,-0.3333333333333333,-0.3333333333333333,0.0,0.0,0.0,0.0,0.0,-0.3333333333333333,0.0,0.0,0.0,0.0,0.0,0.0,0.0,0.0,0.0,0.3333333333333333,0.3333333333333333,0.3333333333333333
3914,-0.3333333333333333,-0.3333333333333333,0.0,0.0,0.0,0.0,0.0,-0.3333333333333333,0.0,0.0,0.0,0.0,0.0,0.0,0.0,0.0,0.0,0.3333333333333333,0.3333333333333333,0.3333333333333333
3915,-0.3333333333333333,-0.3333333333333333,0.0,0.0,0.0,0.0,0.0,-0.3333333333333333,0.0,0.0,0.0,0.0,0.0,0.0,0.0,0.0,0.0,0.3333333333333333,0.3333333333333333,0.3333333333333333
3916,-0.3333333333333333,-0.3333333333333333,0.0,0.0,0.0,0.0,0.0,-0.3333333333333333,0.0,0.0,0.0,0.0,0.0,0.0,0.0,0.0,0.0,0.3333333333333333,0.3333333333333333,0.3333333333333333
3917,0.0,0.16666666666666666,-0.16666666666666666,0.0,0.0,0.16666666666666666,0.16666666666666666,-0.16666666666666666,0.16666666666666666,0.0,-0.16666666666666666,0.16666666666666666,0.0,0.16666666666666666,0.0,-0.16666666666666666,0.0,-0.16666666666666666,-0.16666666666666666,0.0
3918,-0.3333333333333333,-0.3333333333333333,0.0,0.0,0.0,0.0,0.0,-0.3333333333333333,0.0,0.0,0.0,0.0,0.0,0.0,0.0,0.0,0.0,0.3333333333333333,0.3333333333333333,0.3333333333333333
3919,0.0,0.16666666666666666,-0.16666666666666666,0.0,0.0,0.16666666666666666,0.16666666666666666,-0.16666666666666666,0.16666666666666666,0.0,-0.16666666666666666,0.16666666666666666,0.0,0.16666666666666666,0.0,-0.16666666666666666,0.0,-0.16666666666666666,-0.16666666666666666,0.0
3920,-0.3333333333333333,-0.3333333333333333,0.0,0.0,0.0,0.0,0.0,-0.3333333333333333,0.0,0.0,0.0,0.0,0.0,0.0,0.0,0.0,0.0,0.3333333333333333,0.3333333333333333,0.3333333333333333
3921,-0.3333333333333333,-0.3333333333333333,0.0,0.0,0.0,0.0,0.0,-0.3333333333333333,0.0,0.0,0.0,0.0,0.0,0.0,0.0,0.0,0.0,0.3333333333333333,0.3333333333333333,0.3333333333333333
3922,0.0,0.0,0.2,-0.2,0.0,0.2,0.2,-0.2,0.0,-0.2,0.0,0.0,0.0,0.2,-0.2,0.0,0.2,0.0,0.0,-0.2
3923,-0.3333333333333333,-0.3333333333333333,-0.3333333333333333,0.0,0.0,0.0,0.0,0.0,0.0,0.0,0.0,0.0,0.0,0.0,0.0,0.0,0.0,0.3333333333333333,0.3333333333333333,0.3333333333333333
3924,-0.3333333333333333,-0.3333333333333333,-0.3333333333333333,0.0,0.0,0.0,0.0,0.0,0.0,0.0,0.0,0.0,0.0,0.0,0.0,0.0,0.0,0.3333333333333333,0.3333333333333333,0.3333333333333333
3925,0.0,0.2,0.0,-0.2,0.0,0.2,0.0,-0.2,0.0,-0.2,-0.2,0.2,0.0,0.2,0.2,0.0,0.0,0.0,0.0,-0.2
3926,0.0,0.2,0.0,-0.2,0.0,0.2,0.0,-0.2,0.0,-0.2,-0.2,0.2,0.0,0.2,0.2,0.0,0.0,0.0,0.0,-0.2
3927,0.0,0.2,0.0,-0.2,-0.2,0.2,0.0,0.0,0.0,-0.2,-0.2,0.2,0.0,0.2,0.2,0.0,0.0,0.0,0.0,-0.2
3928,0.0,0.2,0.0,-0.2,-0.2,0.2,0.2,0.0,0.0,-0.2,-0.2,0.2,0.0,0.2,0.0,0.0,0.0,0.0,0.0,-0.2
3929,0.0,0.2,0.0,-0.2,-0.2,0.2,0.2,0.0,0.0,-0.2,-0.2,0.2,0.0,0.2,0.0,0.0,0.0,0.0,0.0,-0.2
3930,-0.3333333333333333,-0.3333333333333333,0.0,0.0,0.0,0.0,0.0,-0.3333333333333333,0.0,0.0,0.0,0.0,0.0,0.0,0.0,0.0,0.0,0.3333333333333333,0.3333333333333333,0.3333333333333333
3931,-0.3333333333333333,-0.3333333333333333,-0.3333333333333333,0.0,0.0,0.0,0.0,0.0,0.0,0.0,0.0,0.0,0.0,0.0,0.0,0.0,0.0,0.3333333333333333,0.3333333333333333,0.3333333333333333
3932,-0.3333333333333333,-0.3333333333333333,0.0,0.0,0.0,0.0,0.0,-0.3333333333333333,0.0,0.0,0.0,0.0,0.0,0.0,0.0,0.0,0.0,0.3333333333333333,0.3333333333333333,0.3333333333333333
3933,-0.3333333333333333,-0.3333333333333333,-0.3333333333333333,0.0,0.0,0.0,0.0,0.0,0.0,0.0,0.0,0.0,0.0,0.0,0.0,0.0,0.0,0.3333333333333333,0.3333333333333333,0.3333333333333333
3934,-0.3333333333333333,-0.3333333333333333,0.0,0.0,0.0,0.0,0.0,-0.3333333333333333,0.0,0.0,0.0,0.0,0.0,0.0,0.0,0.0,0.0,0.3333333333333333,0.3333333333333333,0.3333333333333333
3935,-0.3333333333333333,-0.3333333333333333,0.0,0.0,0.0,0.0,0.0,-0.3333333333333333,0.0,0.0,0.0,0.0,0.0,0.0,0.0,0.0,0.0,0.3333333333333333,0.3333333333333333,0.3333333333333333
3936,-0.3333333333333333,-0.3333333333333333,0.0,0.0,0.0,0.0,0.0,-0.3333333333333333,0.0,0.0,0.0,0.0,0.0,0.0,0.0,0.0,0.0,0.3333333333333333,0.3333333333333333,0.3333333333333333
3937,-0.3333333333333333,-0.3333333333333333,0.0,0.0,0.0,0.0,0.0,-0.3333333333333333,0.0,0.0,0.0,0.0,0.0,0.0,0.0,0.0,0.0,0.3333333333333333,0.3333333333333333,0.3333333333333333
3938,-0.3333333333333333,-0.3333333333333333,0.0,0.0,0.0,0.0,0.0,-0.3333333333333333,0.0,0.0,0.0,0.0,0.0,0.0,0.0,0.0,0.0,0.3333333333333333,0.3333333333333333,0.3333333333333333
3939,-0.3333333333333333,-0.3333333333333333,0.0,0.0,0.0,0.0,0.0,-0.3333333333333333,0.0,0.0,0.0,0.0,0.0,0.0,0.0,0.0,0.0,0.3333333333333333,0.3333333333333333,0.3333333333333333
3940,-0.3333333333333333,-0.3333333333333333,0.0,0.0,0.0,0.0,0.0,-0.3333333333333333,0.0,0.0,0.0,0.0,0.0,0.0,0.0,0.0,0.0,0.3333333333333333,0.3333333333333333,0.3333333333333333
3941,-0.3333333333333333,-0.3333333333333333,0.0,0.0,0.0,0.0,0.0,-0.3333333333333333,0.0,0.0,0.0,0.0,0.0,0.0,0.0,0.0,0.0,0.3333333333333333,0.3333333333333333,0.3333333333333333
3942,-0.3333333333333333,-0.3333333333333333,0.0,0.0,0.0,0.0,0.0,-0.3333333333333333,0.0,0.0,0.0,0.0,0.0,0.0,0.0,0.0,0.0,0.3333333333333333,0.3333333333333333,0.3333333333333333
3943,-0.3333333333333333,-0.3333333333333333,0.0,0.0,0.0,0.0,0.0,-0.3333333333333333,0.0,0.0,0.0,0.0,0.0,0.0,0.0,0.0,0.0,0.3333333333333333,0.3333333333333333,0.3333333333333333
3944,-0.3333333333333333,-0.3333333333333333,0.0,0.0,0.0,0.0,0.0,-0.3333333333333333,0.0,0.0,0.0,0.0,0.0,0.0,0.0,0.0,0.0,0.3333333333333333,0.3333333333333333,0.3333333333333333
3945,-0.3333333333333333,-0.3333333333333333,0.0,0.0,0.0,0.0,0.0,-0.3333333333333333,0.0,0.0,0.0,0.0,0.0,0.0,0.0,0.0,0.0,0.3333333333333333,0.3333333333333333,0.3333333333333333
3946,-0.3333333333333333,-0.3333333333333333,0.0,0.0,0.0,0.0,0.0,-0.3333333333333333,0.0,0.0,0.0,0.0,0.0,0.0,0.0,0.0,0.0,0.3333333333333333,0.3333333333333333,0.3333333333333333
3947,-0.2,0.0,0.0,0.2,0.2,0.0,0.2,0.0,-0.2,0.0,-0.2,0.0,0.2,0.0,0.0,0.0,-0.2,0.2,-0.2,0.0
3948,-0.2,0.0,0.0,0.2,0.2,0.0,0.0,0.0,-0.2,0.2,-0.2,0.0,0.2,0.0,0.0,0.0,-0.2,0.2,-0.2,0.0
3949,-0.3333333333333333,-0.3333333333333333,0.0,0.0,0.0,0.0,0.0,-0.3333333333333333,0.0,0.0,0.0,0.0,0.0,0.0,0.0,0.0,0.0,0.3333333333333333,0.3333333333333333,0.3333333333333333
3950,-0.3333333333333333,-0.3333333333333333,0.0,0.0,0.0,0.0,0.0,-0.3333333333333333,0.0,0.0,0.0,0.0,0.0,0.0,0.0,0.0,0.0,0.3333333333333333,0.3333333333333333,0.3333333333333333
3951,0.0,-0.2,0.0,0.2,0.2,-0.2,0.2,0.0,-0.2,0.0,-0.2,0.0,0.2,0.0,0.0,0.0,0.0,0.2,-0.2,0.0
3952,0.0,-0.2,0.0,0.2,0.0,-0.2,0.2,0.2,-0.2,0.0,-0.2,0.0,0.2,0.0,0.0,0.0,0.0,0.2,-0.2,0.0
3953,0.0,-0.2,0.0,0.2,0.0,-0.2,0.2,0.2,-0.2,0.0,-0.2,0.0,0.0,0.0,0.2,0.0,0.0,0.2,-0.2,0.0
3954,0.0,-0.2,0.0,0.2,0.0,-0.2,0.2,0.0,-0.2,0.0,-0.2,0.0,0.0,0.0,0.2,0.0,0.0,0.2,-0.2,0.2
3955,-0.2,-0.2,0.0,0.2,0.0,-0.2,0.0,0.2,-0.2,0.0,0.0,0.0,0.0,0.0,0.2,0.0,0.0,0.2,-0.2,0.2
3956,-0.2,-0.2,0.0,0.2,0.0,-0.2,0.0,0.2,-0.2,0.0,0.0,0.0,0.0,0.0,0.2,0.0,0.0,0.2,-0.2,0.2
3957,-0.2,-0.2,-0.2,0.2,0.0,0.0,0.0,0.0,-0.2,0.0,0.0,0.0,0.0,0.2,0.2,0.0,0.0,0.2,-0.2,0.2
3958,-0.2,-0.2,0.2,0.2,0.0,0.0,0.0,0.0,-0.2,-0.2,0.0,0.0,0.0,0.0,0.2,0.0,0.0,0.2,-0.2,0.2
3959,-0.2,-0.2,0.2,0.2,0.0,0.0,0.0,0.0,-0.2,-0.2,0.0,0.2,0.0,0.0,0.2,0.0,0.0,0.2,-0.2,0.0
3960,-0.2,-0.2,0.2,0.2,0.0,0.0,0.0,0.0,-0.2,-0.2,0.0,0.2,0.0,0.0,0.2,0.0,0.0,0.2,-0.2,0.0
3961,0.0,-0.2,0.2,0.2,-0.2,0.0,0.0,0.0,-0.2,-0.2,0.0,0.2,0.0,0.0,0.2,0.0,0.0,0.2,-0.2,0.0
3962,0.0,-0.2,0.2,0.2,-0.2,0.0,0.0,0.0,-0.2,-0.2,0.0,0.2,0.0,0.0,0.2,0.0,0.0,0.2,-0.2,0.0
3963,-0.25,0.0,0.0,0.25,0.0,0.0,0.0,0.25,-0.25,-0.25,0.0,0.0,0.25,0.0,0.0,0.0,0.25,0.0,0.0,-0.25
3964,0.25,0.0,0.0,0.0,-0.25,0.0,0.0,0.25,0.0,-0.25,0.25,0.0,0.0,0.0,0.0,0.0,0.25,0.0,-0.25,-0.25
3965,-0.25,0.0,0.0,0.25,0.0,0.0,0.0,0.25,0.0,0.0,0.25,0.0,0.25,0.0,0.0,0.0,-0.25,0.0,-0.25,-0.25
3966,0.0,-0.2,0.2,0.2,-0.2,0.0,0.0,0.0,-0.2,-0.2,0.0,0.0,0.0,0.2,0.2,0.0,0.0,0.2,-0.2,0.0
3967,0.0,-0.2,0.2,0.0,-0.2,0.0,0.2,0.0,-0.2,-0.2,0.0,0.0,0.0,0.2,0.2,0.0,0.0,0.2,-0.2,0.0
3968,0.0,-0.2,0.2,0.0,-0.2,0.0,0.2,0.2,-0.2,-0.2,0.0,0.0,0.0,0.0,0.2,0.0,0.0,0.2,-0.2,0.0
3969,0.0,-0.2,0.2,0.0,-0.2,0.0,0.2,0.2,0.0,-0.2,0.0,0.0,0.0,0.0,0.2,0.0,0.0,0.2,-0.2,-0.2
3970,0.0,-0.2,0.2,0.0,-0.2,0.0,0.2,0.2,0.0,-0.2,0.0,0.0,0.0,0.0,0.2,0.0,0.0,0.2,-0.2,-0.2
3971,0.0,-0.2,0.2,0.0,0.0,0.0,0.0,0.2,-0.2,-0.2,0.0,0.0,0.2,0.0,0.2,0.0,0.0,0.2,-0.2,-0.2
3972,0.0,-0.2,0.2,0.2,0.0,0.0,0.0,0.2,0.0,-0.2,0.0,-0.2,0.0,0.0,0.2,0.0,-0.2,0.2,0.0,-0.2
3973,-0.2,-0.2,0.2,0.2,0.0,0.0,0.0,0.2,0.0,-0.2,0.0,-0.2,0.0,0.0,0.2,0.0,0.0,0.2,0.0,-0.2
3974,-0.2,-0.2,0.2,0.2,0.0,0.0,0.2,0.2,0.0,-0.2,0.0,-0.2,0.0,0.0,0.0,0.0,-0.2,0.2,0.0,0.0
3975,-0.2,-0.2,0.2,0.2,0.0,0.0,0.2,0.2,0.0,0.0,0.0,-0.2,0.0,-0.2,0.0,0.0,-0.2,0.2,0.0,0.0
3976,-0.2,-0.2,0.2,0.0,0.0,0.0,0.2,0.2,0.0,-0.2,0.0,0.0,0.0,-0.2,0.0,0.0,-0.2,0.2,0.2,0.0
3977,-0.2,-0.2,0.2,0.0,0.0,0.0,0.2,0.2,0.0,-0.2,0.0,0.0,0.0,-0.2,0.0,0.0,-0.2,0.2,0.2,0.0
3978,-0.2,-0.2,0.2,0.0,0.0,0.0,0.2,0.2,0.0,0.0,0.0,0.0,0.0,-0.2,-0.2,0.0,-0.2,0.2,0.2,0.0
3979,-0.2,-0.2,0.2,0.0,0.0,0.0,0.2,0.2,0.0,0.0,0.0,0.0,0.0,-0.2,-0.2,0.0,-0.2,0.2,0.2,0.0
3980,-0.2,-0.2,0.2,0.0,0.0,0.2,0.2,0.2,0.0,0.0,0.0,0.0,0.0,-0.2,-0.2,0.0,-0.2,0.2,0.0,0.0
3981,-0.2,-0.2,0.2,0.0,0.0,0.2,0.2,0.2,0.0,0.0,0.0,0.0,0.0,-0.2,-0.2,0.0,-0.2,0.2,0.0,0.0
3982,-0.2,-0.2,0.2,0.0,0.0,0.2,0.2,0.2,-0.2,0.0,-0.2,0.0,0.0,0.0,0.0,0.0,-0.2,0.2,0.0,0.0
3983,-0.2,-0.2,0.2,0.0,0.0,0.2,0.2,0.2,-0.2,0.0,-0.2,0.0,0.0,0.0,0.0,0.2,-0.2,0.0,0.0,0.0
3984,0.0,0.0,0.0,0.25,0.25,0.0,0.0,0.25,0.0,0.25,-0.25,0.0,-0.25,0.0,0.0,0.0,-0.25,-0.25,0.0,0.0
3985,0.0,0.0,0.0,0.25,0.25,0.0,0.0,0.25,0.0,0.25,-0.25,0.0,-0.25,0.0,0.0,0.0,-0.25,-0.25,0.0,0.0
3986,0.0,0.0,0.0,0.25,0.25,0.0,0.0,0.0,0.0,0.25,-0.25,0.0,-0.25,0.0,0.25,0.0,-0.25,0.0,-0.25,0.0
3987,0.0,0.0,0.0,0.25,0.25,0.0,0.0,0.0,-0.25,0.25,-0.25,0.0,-0.25,0.0,0.0,0.25,-0.25,0.0,0.0,0.0
3988,0.0,0.0,-0.25,0.25,0.25,0.0,0.0,0.0,-0.25,0.25,0.0,0.0,-0.25,0.0,0.0,0.0,0.0,-0.25,0.0,0.25
3989,0.0,0.0,-0.25,0.25,0.25,0.0,0.0,0.0,-0.25,0.25,0.0,0.0,-0.25,0.0,0.25,-0.25,0.0,0.0,0.0,0.0
3990,0.0,0.0,-0.25,0.25,0.25,0.0,0.0,0.25,0.0,0.25,0.0,0.0,0.0,0.0,0.0,-0.25,-0.25,0.0,0.0,-0.25
3991,0.0,0.0,-0.25,0.25,0.25,0.0,0.0,-0.25,-0.25,0.25,0.0,0.0,0.0,0.0,0.25,-0.25,0.0,0.0,0.0,0.0
3992,0.0,0.0,-0.25,0.25,0.25,0.0,0.0,-0.25,0.0,0.25,0.0,0.0,0.0,0.0,0.0,-0.25,0.0,0.25,0.0,-0.25
3993,-0.25,0.0,0.0,0.25,0.25,0.0,0.25,-0.25,0.0,-0.25,0.0,0.0,0.0,0.0,0.0,-0.25,0.25,0.0,0.0,0.0
3994,0.0,0.0,0.0,0.25,-0.25,0.0,0.25,0.25,0.0,-0.25,0.0,0.0,0.0,0.0,0.0,-0.25,0.25,0.0,0.0,-0.25
3995,-0.25,0.0,-0.25,0.25,-0.25,0.0,0.25,0.0,0.0,0.25,0.0,0.0,0.0,0.0,0.0,0.0,0.25,0.0,0.0,-0.25
3996,-0.25,0.0,-0.25,0.25,-0.25,0.0,0.25,0.0,0.0,0.25,0.0,0.0,0.0,0.0,0.25,0.0,0.0,0.0,0.0,-0.25
3997,0.25,0.0,-0.25,0.25,-0.25,0.0,0.25,-0.25,-0.25,0.25,0.0,0.0,0.0,0.0,0.0,0.0,0.0,0.0,0.0,0.0
3998,0.0,0.0,-0.25,0.25,-0.25,0.0,0.25,-0.25,0.0,0.25,0.25,-0.25,0.0,0.0,0.0,0.0,0.0,0.0,0.0,0.0
3999,-0.25,0.0,-0.25,0.0,-0.25,0.0,0.0,-0.25,0.25,0.25,0.25,0.0,0.0,0.0,0.25,0.0,0.0,0.0,0.0,0.0
